run_id,replicate,analysis_branch,feature_set,model_key,fold,n_train,n_test,n_features,accuracy,f1,precision,sensitivity,specificity,mcc,tp,tn,fp,fn,test_pos,test_neg,auroc,auprc
PILOT-R07-R01-core_only-AAC_reference-logistic_regression_l2-F1,R01,core_only,AAC_reference,logistic_regression_l2,1,129,45,20,0.6666666666666666,0.7619047619047619,0.9230769230769231,0.6486486486486487,0.75,0.30858348347958914,24,6,2,13,37,8,0.6891891891891893,0.9182934518757451
PILOT-R07-R01-core_only-AAC_reference-logistic_regression_l2-F2,R01,core_only,AAC_reference,logistic_regression_l2,2,131,43,20,0.6744186046511628,0.7741935483870968,0.9230769230769231,0.6666666666666666,0.7142857142857143,0.2876469861186478,24,5,2,12,36,7,0.7222222222222222,0.9375631934028349
PILOT-R07-R01-core_only-AAC_reference-logistic_regression_l2-F3,R01,core_only,AAC_reference,logistic_regression_l2,3,131,43,20,0.6046511627906976,0.7213114754098361,0.88,0.6111111111111112,0.5714285714285714,0.1366001903107947,22,4,3,14,36,7,0.626984126984127,0.9019193355887895
PILOT-R07-R01-core_only-AAC_reference-logistic_regression_l2-F4,R01,core_only,AAC_reference,logistic_regression_l2,4,131,43,20,0.6511627906976745,0.7692307692307693,0.8620689655172413,0.6944444444444444,0.42857142857142855,0.09691665282503333,25,3,4,11,36,7,0.7182539682539683,0.9378104978645949
PILOT-R07-R02-core_only-AAC_reference-logistic_regression_l2-F1,R02,core_only,AAC_reference,logistic_regression_l2,1,130,44,20,0.7045454545454546,0.8115942028985508,0.875,0.7567567567567568,0.42857142857142855,0.1522038868295523,28,3,4,9,37,7,0.6235521235521236,0.9078227070222975
PILOT-R07-R02-core_only-AAC_reference-logistic_regression_l2-F2,R02,core_only,AAC_reference,logistic_regression_l2,2,130,44,20,0.6818181818181818,0.7666666666666667,0.9583333333333334,0.6388888888888888,0.875,0.39805662169354006,23,7,1,13,36,8,0.7916666666666667,0.9526220719968296
PILOT-R07-R02-core_only-AAC_reference-logistic_regression_l2-F3,R02,core_only,AAC_reference,logistic_regression_l2,3,131,43,20,0.627906976744186,0.7575757575757576,0.8333333333333334,0.6944444444444444,0.2857142857142857,-0.015949145882311513,25,2,5,11,36,7,0.6111111111111112,0.9095155273454613
PILOT-R07-R02-core_only-AAC_reference-logistic_regression_l2-F4,R02,core_only,AAC_reference,logistic_regression_l2,4,131,43,20,0.7674418604651163,0.8529411764705882,0.90625,0.8055555555555556,0.5714285714285714,0.31897158992671304,29,4,3,7,36,7,0.8333333333333334,0.9684483616246219
PILOT-R07-R03-core_only-AAC_reference-logistic_regression_l2-F1,R03,core_only,AAC_reference,logistic_regression_l2,1,130,44,20,0.75,0.835820895522388,0.9333333333333333,0.7567567567567568,0.7142857142857143,0.3699008279808363,28,5,2,9,37,7,0.7722007722007721,0.944916633677098
PILOT-R07-R03-core_only-AAC_reference-logistic_regression_l2-F2,R03,core_only,AAC_reference,logistic_regression_l2,2,130,44,20,0.6363636363636364,0.75,0.8571428571428571,0.6666666666666666,0.5,0.1336306209562122,24,4,4,12,36,8,0.65625,0.9129492778900833
PILOT-R07-R03-core_only-AAC_reference-logistic_regression_l2-F3,R03,core_only,AAC_reference,logistic_regression_l2,3,131,43,20,0.7441860465116279,0.8307692307692308,0.9310344827586207,0.75,0.7142857142857143,0.36578220582351284,27,5,2,9,36,7,0.8214285714285714,0.961047783415418
PILOT-R07-R03-core_only-AAC_reference-logistic_regression_l2-F4,R03,core_only,AAC_reference,logistic_regression_l2,4,131,43,20,0.7441860465116279,0.8253968253968254,0.9629629629629629,0.7222222222222222,0.8571428571428571,0.44249738853409565,26,6,1,10,36,7,0.7777777777777778,0.9528064241395688
PILOT-R07-R04-core_only-AAC_reference-logistic_regression_l2-F1,R04,core_only,AAC_reference,logistic_regression_l2,1,130,44,20,0.6136363636363636,0.711864406779661,0.9545454545454546,0.5675675675675675,0.8571428571428571,0.31068488300060004,21,6,1,16,37,7,0.7992277992277993,0.9523281598029363
PILOT-R07-R04-core_only-AAC_reference-logistic_regression_l2-F2,R04,core_only,AAC_reference,logistic_regression_l2,2,130,44,20,0.7045454545454546,0.8059701492537313,0.8709677419354839,0.75,0.5,0.21134098610290408,27,4,4,9,36,8,0.6805555555555556,0.919419317992417
PILOT-R07-R04-core_only-AAC_reference-logistic_regression_l2-F3,R04,core_only,AAC_reference,logistic_regression_l2,3,131,43,20,0.7209302325581395,0.8,1.0,0.6666666666666666,1.0,0.49559462778335206,24,7,0,12,36,7,0.8214285714285715,0.9664282356601942
PILOT-R07-R04-core_only-AAC_reference-logistic_regression_l2-F4,R04,core_only,AAC_reference,logistic_regression_l2,4,131,43,20,0.6976744186046512,0.8059701492537313,0.8709677419354839,0.75,0.42857142857142855,0.14697408781305385,27,3,4,9,36,7,0.6349206349206349,0.9144655383270672
PILOT-R07-R05-core_only-AAC_reference-logistic_regression_l2-F1,R05,core_only,AAC_reference,logistic_regression_l2,1,130,44,20,0.6818181818181818,0.7941176470588235,0.8709677419354839,0.7297297297297297,0.42857142857142855,0.12690579427752563,27,3,4,10,37,7,0.7451737451737451,0.9477231707755351
PILOT-R07-R05-core_only-AAC_reference-logistic_regression_l2-F2,R05,core_only,AAC_reference,logistic_regression_l2,2,130,44,20,0.6136363636363636,0.7301587301587301,0.8518518518518519,0.6388888888888888,0.5,0.11001639366407491,23,4,4,13,36,8,0.6875,0.9252957886875405
PILOT-R07-R05-core_only-AAC_reference-logistic_regression_l2-F3,R05,core_only,AAC_reference,logistic_regression_l2,3,131,43,20,0.6744186046511628,0.7878787878787878,0.8666666666666667,0.7222222222222222,0.42857142857142855,0.1212135087055675,26,3,4,10,36,7,0.6428571428571428,0.9220971710983532
PILOT-R07-R05-core_only-AAC_reference-logistic_regression_l2-F4,R05,core_only,AAC_reference,logistic_regression_l2,4,131,43,20,0.7209302325581395,0.8064516129032258,0.9615384615384616,0.6944444444444444,0.8571428571428571,0.4164888653176255,25,6,1,11,36,7,0.8293650793650794,0.967537822564999
PILOT-R07-R06-core_only-AAC_reference-logistic_regression_l2-F1,R06,core_only,AAC_reference,logistic_regression_l2,1,130,44,20,0.7272727272727273,0.8235294117647058,0.9032258064516129,0.7567567567567568,0.5714285714285714,0.26309737838023606,28,4,3,9,37,7,0.7567567567567569,0.9534593931260518
PILOT-R07-R06-core_only-AAC_reference-logistic_regression_l2-F2,R06,core_only,AAC_reference,logistic_regression_l2,2,130,44,20,0.7272727272727273,0.8285714285714286,0.8529411764705882,0.8055555555555556,0.375,0.16617574758359693,29,3,5,7,36,8,0.5902777777777778,0.8851100551792421
PILOT-R07-R06-core_only-AAC_reference-logistic_regression_l2-F3,R06,core_only,AAC_reference,logistic_regression_l2,3,131,43,20,0.7674418604651163,0.84375,0.9642857142857143,0.75,0.8571428571428571,0.4702908348966149,27,6,1,9,36,7,0.7738095238095238,0.9472841346762341
PILOT-R07-R06-core_only-AAC_reference-logistic_regression_l2-F4,R06,core_only,AAC_reference,logistic_regression_l2,4,131,43,20,0.7906976744186046,0.8571428571428571,1.0,0.75,1.0,0.57282196186948,27,7,0,9,36,7,0.9047619047619048,0.9822601664290701
PILOT-R07-R07-core_only-AAC_reference-logistic_regression_l2-F1,R07,core_only,AAC_reference,logistic_regression_l2,1,130,44,20,0.6363636363636364,0.7419354838709677,0.92,0.6216216216216216,0.7142857142857143,0.24804048151753152,23,5,2,14,37,7,0.7335907335907336,0.9417250761204798
PILOT-R07-R07-core_only-AAC_reference-logistic_regression_l2-F2,R07,core_only,AAC_reference,logistic_regression_l2,2,130,44,20,0.7272727272727273,0.8235294117647058,0.875,0.7777777777777778,0.5,0.24056261216234406,28,4,4,8,36,8,0.6458333333333334,0.9051227438224165
PILOT-R07-R07-core_only-AAC_reference-logistic_regression_l2-F3,R07,core_only,AAC_reference,logistic_regression_l2,3,131,43,20,0.7209302325581395,0.8181818181818182,0.9,0.75,0.5714285714285714,0.25837616329344654,27,4,3,9,36,7,0.7658730158730158,0.9465446649142469
PILOT-R07-R07-core_only-AAC_reference-logistic_regression_l2-F4,R07,core_only,AAC_reference,logistic_regression_l2,4,131,43,20,0.6511627906976745,0.7368421052631579,1.0,0.5833333333333334,1.0,0.4308202184276646,21,7,0,15,36,7,0.753968253968254,0.9525362212816961
PILOT-R07-R08-core_only-AAC_reference-logistic_regression_l2-F1,R08,core_only,AAC_reference,logistic_regression_l2,1,130,44,20,0.6818181818181818,0.8055555555555556,0.8285714285714286,0.7837837837837838,0.14285714285714285,-0.06651941818943974,29,1,6,8,37,7,0.583011583011583,0.9058016264342807
PILOT-R07-R08-core_only-AAC_reference-logistic_regression_l2-F2,R08,core_only,AAC_reference,logistic_regression_l2,2,130,44,20,0.6818181818181818,0.7741935483870968,0.9230769230769231,0.6666666666666666,0.75,0.3268602252303067,24,6,2,12,36,8,0.7326388888888888,0.9410483542165174
PILOT-R07-R08-core_only-AAC_reference-logistic_regression_l2-F3,R08,core_only,AAC_reference,logistic_regression_l2,3,131,43,20,0.6976744186046512,0.7936507936507936,0.9259259259259259,0.6944444444444444,0.7142857142857143,0.3121728151987113,25,5,2,11,36,7,0.7420634920634921,0.9518803269188014
PILOT-R07-R08-core_only-AAC_reference-logistic_regression_l2-F4,R08,core_only,AAC_reference,logistic_regression_l2,4,131,43,20,0.6511627906976745,0.7368421052631579,1.0,0.5833333333333334,1.0,0.4308202184276646,21,7,0,15,36,7,0.7182539682539683,0.9450319440127865
PILOT-R07-R09-core_only-AAC_reference-logistic_regression_l2-F1,R09,core_only,AAC_reference,logistic_regression_l2,1,130,44,20,0.7045454545454546,0.8115942028985508,0.875,0.7567567567567568,0.42857142857142855,0.1522038868295523,28,3,4,9,37,7,0.7104247104247104,0.93436661932499
PILOT-R07-R09-core_only-AAC_reference-logistic_regression_l2-F2,R09,core_only,AAC_reference,logistic_regression_l2,2,130,44,20,0.75,0.835820895522388,0.9032258064516129,0.7777777777777778,0.625,0.3404938109435677,28,5,3,8,36,8,0.7013888888888888,0.9186970513228261
PILOT-R07-R09-core_only-AAC_reference-logistic_regression_l2-F3,R09,core_only,AAC_reference,logistic_regression_l2,3,131,43,20,0.7441860465116279,0.8253968253968254,0.9629629629629629,0.7222222222222222,0.8571428571428571,0.44249738853409565,26,6,1,10,36,7,0.7182539682539681,0.9381321133344848
PILOT-R07-R09-core_only-AAC_reference-logistic_regression_l2-F4,R09,core_only,AAC_reference,logistic_regression_l2,4,131,43,20,0.6744186046511628,0.7586206896551724,1.0,0.6111111111111112,1.0,0.45133546692422005,22,7,0,14,36,7,0.8452380952380952,0.9704376032394664
PILOT-R07-R10-core_only-AAC_reference-logistic_regression_l2-F1,R10,core_only,AAC_reference,logistic_regression_l2,1,130,44,20,0.6590909090909091,0.7692307692307693,0.8928571428571429,0.6756756756756757,0.5714285714285714,0.18788455692040834,25,4,3,12,37,7,0.7065637065637065,0.9391641176155519
PILOT-R07-R10-core_only-AAC_reference-logistic_regression_l2-F2,R10,core_only,AAC_reference,logistic_regression_l2,2,130,44,20,0.7045454545454546,0.8059701492537313,0.8709677419354839,0.75,0.5,0.21134098610290408,27,4,4,9,36,8,0.7604166666666667,0.9404911214465156
PILOT-R07-R10-core_only-AAC_reference-logistic_regression_l2-F3,R10,core_only,AAC_reference,logistic_regression_l2,3,131,43,20,0.5581395348837209,0.6666666666666666,0.9047619047619048,0.5277777777777778,0.7142857142857143,0.1787757368985547,19,5,2,17,36,7,0.5555555555555556,0.8575296368405121
PILOT-R07-R10-core_only-AAC_reference-logistic_regression_l2-F4,R10,core_only,AAC_reference,logistic_regression_l2,4,131,43,20,0.813953488372093,0.8823529411764706,0.9375,0.8333333333333334,0.7142857142857143,0.46334820431459367,30,5,2,6,36,7,0.8571428571428572,0.973900354083337
PILOT-R07-R01-core_plus_sensitivity-AAC_reference-logistic_regression_l2-F1,R01,core_plus_sensitivity,AAC_reference,logistic_regression_l2,1,132,45,20,0.6666666666666666,0.7692307692307693,0.8928571428571429,0.6756756756756757,0.625,0.23710497947597114,25,5,3,12,37,8,0.706081081081081,0.9359907952762907
PILOT-R07-R01-core_plus_sensitivity-AAC_reference-logistic_regression_l2-F2,R01,core_plus_sensitivity,AAC_reference,logistic_regression_l2,2,133,44,20,0.6818181818181818,0.7741935483870968,0.9230769230769231,0.6666666666666666,0.75,0.3268602252303067,24,6,2,12,36,8,0.7395833333333333,0.9381717486643011
PILOT-R07-R01-core_plus_sensitivity-AAC_reference-logistic_regression_l2-F3,R01,core_plus_sensitivity,AAC_reference,logistic_regression_l2,3,133,44,20,0.5909090909090909,0.7096774193548387,0.8461538461538461,0.6111111111111112,0.5,0.0871627267280818,22,4,4,14,36,8,0.6180555555555556,0.8874808206173787
PILOT-R07-R01-core_plus_sensitivity-AAC_reference-logistic_regression_l2-F4,R01,core_plus_sensitivity,AAC_reference,logistic_regression_l2,4,133,44,20,0.6818181818181818,0.7878787878787878,0.8666666666666667,0.7222222222222222,0.5,0.18401748249129446,26,4,4,10,36,8,0.6875,0.9216513595217217
PILOT-R07-R02-core_plus_sensitivity-AAC_reference-logistic_regression_l2-F1,R02,core_plus_sensitivity,AAC_reference,logistic_regression_l2,1,132,45,20,0.7333333333333333,0.8285714285714286,0.8787878787878788,0.7837837837837838,0.5,0.24534987303147354,29,4,4,8,37,8,0.6841216216216217,0.9092443009516478
PILOT-R07-R02-core_plus_sensitivity-AAC_reference-logistic_regression_l2-F2,R02,core_plus_sensitivity,AAC_reference,logistic_regression_l2,2,133,44,20,0.6590909090909091,0.7457627118644068,0.9565217391304348,0.6111111111111112,0.875,0.37536884705120904,22,7,1,14,36,8,0.7743055555555555,0.9475348459859829
PILOT-R07-R02-core_plus_sensitivity-AAC_reference-logistic_regression_l2-F3,R02,core_plus_sensitivity,AAC_reference,logistic_regression_l2,3,133,44,20,0.5681818181818182,0.6984126984126984,0.8148148148148148,0.6111111111111112,0.375,-0.011001639366407492,22,3,5,14,36,8,0.6006944444444444,0.899423682887113
PILOT-R07-R02-core_plus_sensitivity-AAC_reference-logistic_regression_l2-F4,R02,core_plus_sensitivity,AAC_reference,logistic_regression_l2,4,133,44,20,0.75,0.8405797101449275,0.8787878787878788,0.8055555555555556,0.5,0.2721655269759087,29,4,4,7,36,8,0.8125,0.9560803008921195
PILOT-R07-R03-core_plus_sensitivity-AAC_reference-logistic_regression_l2-F1,R03,core_plus_sensitivity,AAC_reference,logistic_regression_l2,1,132,45,20,0.6222222222222222,0.7301587301587301,0.8846153846153846,0.6216216216216216,0.625,0.19090334147466106,23,5,3,14,37,8,0.7466216216216216,0.9422292428095997
PILOT-R07-R03-core_plus_sensitivity-AAC_reference-logistic_regression_l2-F2,R03,core_plus_sensitivity,AAC_reference,logistic_regression_l2,2,133,44,20,0.6363636363636364,0.75,0.8571428571428571,0.6666666666666666,0.5,0.1336306209562122,24,4,4,12,36,8,0.625,0.9037039333251718
PILOT-R07-R03-core_plus_sensitivity-AAC_reference-logistic_regression_l2-F3,R03,core_plus_sensitivity,AAC_reference,logistic_regression_l2,3,133,44,20,0.7045454545454546,0.7936507936507936,0.9259259259259259,0.6944444444444444,0.75,0.35205245972503973,25,6,2,11,36,8,0.7986111111111112,0.9519962207974477
PILOT-R07-R03-core_plus_sensitivity-AAC_reference-logistic_regression_l2-F4,R03,core_plus_sensitivity,AAC_reference,logistic_regression_l2,4,133,44,20,0.7045454545454546,0.7936507936507936,0.9259259259259259,0.6944444444444444,0.75,0.35205245972503973,25,6,2,11,36,8,0.8020833333333334,0.9518391223965081
PILOT-R07-R04-core_plus_sensitivity-AAC_reference-logistic_regression_l2-F1,R04,core_plus_sensitivity,AAC_reference,logistic_regression_l2,1,132,45,20,0.6222222222222222,0.711864406779661,0.9545454545454546,0.5675675675675675,0.875,0.3384933817212293,21,7,1,16,37,8,0.8243243243243243,0.9529187994573114
PILOT-R07-R04-core_plus_sensitivity-AAC_reference-logistic_regression_l2-F2,R04,core_plus_sensitivity,AAC_reference,logistic_regression_l2,2,133,44,20,0.6363636363636364,0.7333333333333333,0.9166666666666666,0.6111111111111112,0.75,0.2797154638927579,22,6,2,14,36,8,0.6736111111111112,0.9205005177671648
PILOT-R07-R04-core_plus_sensitivity-AAC_reference-logistic_regression_l2-F3,R04,core_plus_sensitivity,AAC_reference,logistic_regression_l2,3,133,44,20,0.7045454545454546,0.7936507936507936,0.9259259259259259,0.6944444444444444,0.75,0.35205245972503973,25,6,2,11,36,8,0.7465277777777778,0.9296033546667783
PILOT-R07-R04-core_plus_sensitivity-AAC_reference-logistic_regression_l2-F4,R04,core_plus_sensitivity,AAC_reference,logistic_regression_l2,4,133,44,20,0.6136363636363636,0.7384615384615385,0.8275862068965517,0.6666666666666666,0.375,0.03390317518104052,24,3,5,12,36,8,0.6076388888888888,0.8926546031611338
PILOT-R07-R05-core_plus_sensitivity-AAC_reference-logistic_regression_l2-F1,R05,core_plus_sensitivity,AAC_reference,logistic_regression_l2,1,132,45,20,0.6,0.7272727272727273,0.8275862068965517,0.6486486486486487,0.375,0.018888314015215117,24,3,5,13,37,8,0.7162162162162162,0.9351795105677683
PILOT-R07-R05-core_plus_sensitivity-AAC_reference-logistic_regression_l2-F2,R05,core_plus_sensitivity,AAC_reference,logistic_regression_l2,2,133,44,20,0.6363636363636364,0.7419354838709677,0.8846153846153846,0.6388888888888888,0.625,0.20701147597919425,23,5,3,13,36,8,0.71875,0.9320998490207679
PILOT-R07-R05-core_plus_sensitivity-AAC_reference-logistic_regression_l2-F3,R05,core_plus_sensitivity,AAC_reference,logistic_regression_l2,3,133,44,20,0.6590909090909091,0.7761194029850746,0.8387096774193549,0.7222222222222222,0.375,0.08218816126224048,26,3,5,10,36,8,0.625,0.9086950682672217
PILOT-R07-R05-core_plus_sensitivity-AAC_reference-logistic_regression_l2-F4,R05,core_plus_sensitivity,AAC_reference,logistic_regression_l2,4,133,44,20,0.7045454545454546,0.7936507936507936,0.9259259259259259,0.6944444444444444,0.75,0.35205245972503973,25,6,2,11,36,8,0.7951388888888888,0.954325624534683
PILOT-R07-R06-core_plus_sensitivity-AAC_reference-logistic_regression_l2-F1,R06,core_plus_sensitivity,AAC_reference,logistic_regression_l2,1,132,45,20,0.7333333333333333,0.8181818181818182,0.9310344827586207,0.7297297297297297,0.75,0.3831629414515067,27,6,2,10,37,8,0.7466216216216216,0.9468460157331635
PILOT-R07-R06-core_plus_sensitivity-AAC_reference-logistic_regression_l2-F2,R06,core_plus_sensitivity,AAC_reference,logistic_regression_l2,2,133,44,20,0.6818181818181818,0.7941176470588235,0.84375,0.75,0.375,0.10825317547305482,27,3,5,9,36,8,0.5902777777777778,0.8895525009151471
PILOT-R07-R06-core_plus_sensitivity-AAC_reference-logistic_regression_l2-F3,R06,core_plus_sensitivity,AAC_reference,logistic_regression_l2,3,133,44,20,0.7727272727272727,0.8484848484848485,0.9333333333333333,0.7777777777777778,0.75,0.43704152091682436,28,6,2,8,36,8,0.7048611111111112,0.9174816717314225
PILOT-R07-R06-core_plus_sensitivity-AAC_reference-logistic_regression_l2-F4,R06,core_plus_sensitivity,AAC_reference,logistic_regression_l2,4,133,44,20,0.75,0.8253968253968254,0.9629629629629629,0.7222222222222222,0.875,0.47307049275552215,26,7,1,10,36,8,0.8888888888888888,0.974019363879014
PILOT-R07-R07-core_plus_sensitivity-AAC_reference-logistic_regression_l2-F1,R07,core_plus_sensitivity,AAC_reference,logistic_regression_l2,1,132,45,20,0.7333333333333333,0.8125,0.9629629629629629,0.7027027027027027,0.875,0.45085004798243705,26,7,1,11,37,8,0.8006756756756757,0.9536875617160872
PILOT-R07-R07-core_plus_sensitivity-AAC_reference-logistic_regression_l2-F2,R07,core_plus_sensitivity,AAC_reference,logistic_regression_l2,2,133,44,20,0.75,0.8405797101449275,0.8787878787878788,0.8055555555555556,0.5,0.2721655269759087,29,4,4,7,36,8,0.65625,0.908015495164376
PILOT-R07-R07-core_plus_sensitivity-AAC_reference-logistic_regression_l2-F3,R07,core_plus_sensitivity,AAC_reference,logistic_regression_l2,3,133,44,20,0.7045454545454546,0.8059701492537313,0.8709677419354839,0.75,0.5,0.21134098610290408,27,4,4,9,36,8,0.7361111111111112,0.9359688334863165
PILOT-R07-R07-core_plus_sensitivity-AAC_reference-logistic_regression_l2-F4,R07,core_plus_sensitivity,AAC_reference,logistic_regression_l2,4,133,44,20,0.6363636363636364,0.7142857142857143,1.0,0.5555555555555556,1.0,0.43033148291193524,20,8,0,16,36,8,0.7534722222222222,0.9448002064825756
PILOT-R07-R08-core_plus_sensitivity-AAC_reference-logistic_regression_l2-F1,R08,core_plus_sensitivity,AAC_reference,logistic_regression_l2,1,132,45,20,0.7111111111111111,0.8169014084507042,0.8529411764705882,0.7837837837837838,0.375,0.14125902401572996,29,3,5,8,37,8,0.7297297297297297,0.9335252317783187
PILOT-R07-R08-core_plus_sensitivity-AAC_reference-logistic_regression_l2-F2,R08,core_plus_sensitivity,AAC_reference,logistic_regression_l2,2,133,44,20,0.6590909090909091,0.7540983606557377,0.92,0.6388888888888888,0.75,0.30281331944409007,23,6,2,13,36,8,0.7395833333333334,0.940318108719215
PILOT-R07-R08-core_plus_sensitivity-AAC_reference-logistic_regression_l2-F3,R08,core_plus_sensitivity,AAC_reference,logistic_regression_l2,3,133,44,20,0.6818181818181818,0.78125,0.8928571428571429,0.6944444444444444,0.625,0.25612535683274,25,5,3,11,36,8,0.7638888888888888,0.9496541450551634
PILOT-R07-R08-core_plus_sensitivity-AAC_reference-logistic_regression_l2-F4,R08,core_plus_sensitivity,AAC_reference,logistic_regression_l2,4,133,44,20,0.5909090909090909,0.6785714285714286,0.95,0.5277777777777778,0.875,0.31199032511115304,19,7,1,17,36,8,0.6840277777777777,0.9280342886776429
PILOT-R07-R09-core_plus_sensitivity-AAC_reference-logistic_regression_l2-F1,R09,core_plus_sensitivity,AAC_reference,logistic_regression_l2,1,132,45,20,0.7555555555555555,0.835820895522388,0.9333333333333333,0.7567567567567568,0.75,0.41099746826339323,28,6,2,9,37,8,0.7533783783783784,0.9391888845630036
PILOT-R07-R09-core_plus_sensitivity-AAC_reference-logistic_regression_l2-F2,R09,core_plus_sensitivity,AAC_reference,logistic_regression_l2,2,133,44,20,0.7272727272727273,0.8181818181818182,0.9,0.75,0.625,0.3105295017040594,27,5,3,9,36,8,0.7083333333333334,0.9169183099607514
PILOT-R07-R09-core_plus_sensitivity-AAC_reference-logistic_regression_l2-F3,R09,core_plus_sensitivity,AAC_reference,logistic_regression_l2,3,133,44,20,0.6818181818181818,0.7878787878787878,0.8666666666666667,0.7222222222222222,0.5,0.18401748249129446,26,4,4,10,36,8,0.7118055555555555,0.936093498098491
PILOT-R07-R09-core_plus_sensitivity-AAC_reference-logistic_regression_l2-F4,R09,core_plus_sensitivity,AAC_reference,logistic_regression_l2,4,133,44,20,0.6590909090909091,0.7368421052631579,1.0,0.5833333333333334,1.0,0.45044261646145084,21,8,0,15,36,8,0.8020833333333334,0.9549659480097521
PILOT-R07-R10-core_plus_sensitivity-AAC_reference-logistic_regression_l2-F1,R10,core_plus_sensitivity,AAC_reference,logistic_regression_l2,1,132,45,20,0.6888888888888889,0.7878787878787878,0.896551724137931,0.7027027027027027,0.625,0.2617380656394095,26,5,3,11,37,8,0.7432432432432432,0.9404771373918062
PILOT-R07-R10-core_plus_sensitivity-AAC_reference-logistic_regression_l2-F2,R10,core_plus_sensitivity,AAC_reference,logistic_regression_l2,2,133,44,20,0.8409090909090909,0.8985507246376812,0.9393939393939394,0.8611111111111112,0.75,0.5443310539518174,31,6,2,5,36,8,0.7777777777777777,0.938997832124279
PILOT-R07-R10-core_plus_sensitivity-AAC_reference-logistic_regression_l2-F3,R10,core_plus_sensitivity,AAC_reference,logistic_regression_l2,3,133,44,20,0.5681818181818182,0.6779661016949152,0.8695652173913043,0.5555555555555556,0.625,0.1394227146190205,20,5,3,16,36,8,0.5416666666666667,0.8419174701837673
PILOT-R07-R10-core_plus_sensitivity-AAC_reference-logistic_regression_l2-F4,R10,core_plus_sensitivity,AAC_reference,logistic_regression_l2,4,133,44,20,0.8409090909090909,0.8985507246376812,0.9393939393939394,0.8611111111111112,0.75,0.5443310539518174,31,6,2,5,36,8,0.8611111111111112,0.9717930646548039
PILOT-R07-R01-core_only-AAC_reference-linear_svm-F1,R01,core_only,AAC_reference,linear_svm,1,129,45,20,0.6888888888888889,0.78125,0.9259259259259259,0.6756756756756757,0.75,0.33220529851337466,25,6,2,12,37,8,0.6959459459459459,0.9197696949561862
PILOT-R07-R01-core_only-AAC_reference-linear_svm-F2,R01,core_only,AAC_reference,linear_svm,2,131,43,20,0.6511627906976745,0.7540983606557377,0.92,0.6388888888888888,0.7142857142857143,0.2642916725578419,23,5,2,13,36,7,0.7222222222222223,0.9389555955047907
PILOT-R07-R01-core_only-AAC_reference-linear_svm-F3,R01,core_only,AAC_reference,linear_svm,3,131,43,20,0.6046511627906976,0.7213114754098361,0.88,0.6111111111111112,0.5714285714285714,0.1366001903107947,22,4,3,14,36,7,0.6150793650793651,0.8921056555758341
PILOT-R07-R01-core_only-AAC_reference-linear_svm-F4,R01,core_only,AAC_reference,linear_svm,4,131,43,20,0.6744186046511628,0.78125,0.8928571428571429,0.6944444444444444,0.5714285714285714,0.20594435253642612,25,4,3,11,36,7,0.6825396825396826,0.9111945944422015
PILOT-R07-R02-core_only-AAC_reference-linear_svm-F1,R02,core_only,AAC_reference,linear_svm,1,130,44,20,0.6818181818181818,0.7941176470588235,0.8709677419354839,0.7297297297297297,0.42857142857142855,0.12690579427752563,27,3,4,10,37,7,0.6235521235521235,0.9076376625725637
PILOT-R07-R02-core_only-AAC_reference-linear_svm-F2,R02,core_only,AAC_reference,linear_svm,2,130,44,20,0.6818181818181818,0.7666666666666667,0.9583333333333334,0.6388888888888888,0.875,0.39805662169354006,23,7,1,13,36,8,0.7951388888888888,0.9538072502035848
PILOT-R07-R02-core_only-AAC_reference-linear_svm-F3,R02,core_only,AAC_reference,linear_svm,3,131,43,20,0.6511627906976745,0.7761194029850746,0.8387096774193549,0.7222222222222222,0.2857142857142857,0.006532181680580171,26,2,5,10,36,7,0.5912698412698413,0.9033651314356578
PILOT-R07-R02-core_only-AAC_reference-linear_svm-F4,R02,core_only,AAC_reference,linear_svm,4,131,43,20,0.7674418604651163,0.8529411764705882,0.90625,0.8055555555555556,0.5714285714285714,0.31897158992671304,29,4,3,7,36,7,0.8253968253968255,0.9663511789718836
PILOT-R07-R03-core_only-AAC_reference-linear_svm-F1,R03,core_only,AAC_reference,linear_svm,1,130,44,20,0.75,0.835820895522388,0.9333333333333333,0.7567567567567568,0.7142857142857143,0.3699008279808363,28,5,2,9,37,7,0.7490347490347491,0.9384086596496695
PILOT-R07-R03-core_only-AAC_reference-linear_svm-F2,R03,core_only,AAC_reference,linear_svm,2,130,44,20,0.6363636363636364,0.75,0.8571428571428571,0.6666666666666666,0.5,0.1336306209562122,24,4,4,12,36,8,0.6180555555555556,0.8806512469162547
PILOT-R07-R03-core_only-AAC_reference-linear_svm-F3,R03,core_only,AAC_reference,linear_svm,3,131,43,20,0.7441860465116279,0.8307692307692308,0.9310344827586207,0.75,0.7142857142857143,0.36578220582351284,27,5,2,9,36,7,0.8333333333333333,0.9644543292196246
PILOT-R07-R03-core_only-AAC_reference-linear_svm-F4,R03,core_only,AAC_reference,linear_svm,4,131,43,20,0.7209302325581395,0.8125,0.9285714285714286,0.7222222222222222,0.7142857142857143,0.3381175937165205,26,5,2,10,36,7,0.7817460317460317,0.9535692608399056
PILOT-R07-R04-core_only-AAC_reference-linear_svm-F1,R04,core_only,AAC_reference,linear_svm,1,130,44,20,0.6136363636363636,0.711864406779661,0.9545454545454546,0.5675675675675675,0.8571428571428571,0.31068488300060004,21,6,1,16,37,7,0.77992277992278,0.9353333072960808
PILOT-R07-R04-core_only-AAC_reference-linear_svm-F2,R04,core_only,AAC_reference,linear_svm,2,130,44,20,0.75,0.8405797101449275,0.8787878787878788,0.8055555555555556,0.5,0.2721655269759087,29,4,4,7,36,8,0.6979166666666667,0.9230197296134508
PILOT-R07-R04-core_only-AAC_reference-linear_svm-F3,R04,core_only,AAC_reference,linear_svm,3,131,43,20,0.7209302325581395,0.8,1.0,0.6666666666666666,1.0,0.49559462778335206,24,7,0,12,36,7,0.8095238095238095,0.9640358913192372
PILOT-R07-R04-core_only-AAC_reference-linear_svm-F4,R04,core_only,AAC_reference,linear_svm,4,131,43,20,0.7209302325581395,0.8235294117647058,0.875,0.7777777777777778,0.42857142857142855,0.17459497553883238,28,3,4,8,36,7,0.6190476190476191,0.907330496224705
PILOT-R07-R05-core_only-AAC_reference-linear_svm-F1,R05,core_only,AAC_reference,linear_svm,1,130,44,20,0.6818181818181818,0.7941176470588235,0.8709677419354839,0.7297297297297297,0.42857142857142855,0.12690579427752563,27,3,4,10,37,7,0.7451737451737451,0.9475804171845055
PILOT-R07-R05-core_only-AAC_reference-linear_svm-F2,R05,core_only,AAC_reference,linear_svm,2,130,44,20,0.6818181818181818,0.78125,0.8928571428571429,0.6944444444444444,0.625,0.25612535683274,25,5,3,11,36,8,0.6909722222222222,0.9236560632798589
PILOT-R07-R05-core_only-AAC_reference-linear_svm-F3,R05,core_only,AAC_reference,linear_svm,3,131,43,20,0.6744186046511628,0.7878787878787878,0.8666666666666667,0.7222222222222222,0.42857142857142855,0.1212135087055675,26,3,4,10,36,7,0.6349206349206349,0.9201877431698148
PILOT-R07-R05-core_only-AAC_reference-linear_svm-F4,R05,core_only,AAC_reference,linear_svm,4,131,43,20,0.6976744186046512,0.7868852459016393,0.96,0.6666666666666666,0.8571428571428571,0.3919831548048891,24,6,1,12,36,7,0.8293650793650794,0.9673596902132654
PILOT-R07-R06-core_only-AAC_reference-linear_svm-F1,R06,core_only,AAC_reference,linear_svm,1,130,44,20,0.7727272727272727,0.8529411764705882,0.9354838709677419,0.7837837837837838,0.7142857142857143,0.3992889624829465,29,5,2,8,37,7,0.7722007722007722,0.9578591343655916
PILOT-R07-R06-core_only-AAC_reference-linear_svm-F2,R06,core_only,AAC_reference,linear_svm,2,130,44,20,0.75,0.8450704225352113,0.8571428571428571,0.8333333333333334,0.375,0.19920476822239894,30,3,5,6,36,8,0.5763888888888888,0.8757590730694539
PILOT-R07-R06-core_only-AAC_reference-linear_svm-F3,R06,core_only,AAC_reference,linear_svm,3,131,43,20,0.7674418604651163,0.84375,0.9642857142857143,0.75,0.8571428571428571,0.4702908348966149,27,6,1,9,36,7,0.7698412698412699,0.9451681746301667
PILOT-R07-R06-core_only-AAC_reference-linear_svm-F4,R06,core_only,AAC_reference,linear_svm,4,131,43,20,0.813953488372093,0.875,1.0,0.7777777777777778,1.0,0.6024640760767093,28,7,0,8,36,7,0.9166666666666666,0.9848975958306124
PILOT-R07-R07-core_only-AAC_reference-linear_svm-F1,R07,core_only,AAC_reference,linear_svm,1,130,44,20,0.6590909090909091,0.7619047619047619,0.9230769230769231,0.6486486486486487,0.7142857142857143,0.2699945793846108,24,5,2,13,37,7,0.7027027027027027,0.9371526946883388
PILOT-R07-R07-core_only-AAC_reference-linear_svm-F2,R07,core_only,AAC_reference,linear_svm,2,130,44,20,0.7727272727272727,0.8571428571428571,0.8823529411764706,0.8333333333333334,0.5,0.3067859955389482,30,4,4,6,36,8,0.6909722222222223,0.9029387177380064
PILOT-R07-R07-core_only-AAC_reference-linear_svm-F3,R07,core_only,AAC_reference,linear_svm,3,131,43,20,0.7209302325581395,0.8181818181818182,0.9,0.75,0.5714285714285714,0.25837616329344654,27,4,3,9,36,7,0.7817460317460316,0.9499743474978037
PILOT-R07-R07-core_only-AAC_reference-linear_svm-F4,R07,core_only,AAC_reference,linear_svm,4,131,43,20,0.6511627906976745,0.7368421052631579,1.0,0.5833333333333334,1.0,0.4308202184276646,21,7,0,15,36,7,0.7579365079365079,0.9536936286891035
PILOT-R07-R08-core_only-AAC_reference-linear_svm-F1,R08,core_only,AAC_reference,linear_svm,1,130,44,20,0.6818181818181818,0.8055555555555556,0.8285714285714286,0.7837837837837838,0.14285714285714285,-0.06651941818943974,29,1,6,8,37,7,0.583011583011583,0.9062371966243659
PILOT-R07-R08-core_only-AAC_reference-linear_svm-F2,R08,core_only,AAC_reference,linear_svm,2,130,44,20,0.6363636363636364,0.7333333333333333,0.9166666666666666,0.6111111111111112,0.75,0.2797154638927579,22,6,2,14,36,8,0.7395833333333333,0.9399287715657852
PILOT-R07-R08-core_only-AAC_reference-linear_svm-F3,R08,core_only,AAC_reference,linear_svm,3,131,43,20,0.6976744186046512,0.7936507936507936,0.9259259259259259,0.6944444444444444,0.7142857142857143,0.3121728151987113,25,5,2,11,36,7,0.75,0.9535163725837518
PILOT-R07-R08-core_only-AAC_reference-linear_svm-F4,R08,core_only,AAC_reference,linear_svm,4,131,43,20,0.627906976744186,0.7142857142857143,1.0,0.5555555555555556,1.0,0.41119596982930745,20,7,0,16,36,7,0.7341269841269842,0.9486566944352518
PILOT-R07-R09-core_only-AAC_reference-linear_svm-F1,R09,core_only,AAC_reference,linear_svm,1,130,44,20,0.7045454545454546,0.8115942028985508,0.875,0.7567567567567568,0.42857142857142855,0.1522038868295523,28,3,4,9,37,7,0.694980694980695,0.9196458825454297
PILOT-R07-R09-core_only-AAC_reference-linear_svm-F2,R09,core_only,AAC_reference,linear_svm,2,130,44,20,0.75,0.835820895522388,0.9032258064516129,0.7777777777777778,0.625,0.3404938109435677,28,5,3,8,36,8,0.6909722222222222,0.9155564625483013
PILOT-R07-R09-core_only-AAC_reference-linear_svm-F3,R09,core_only,AAC_reference,linear_svm,3,131,43,20,0.7209302325581395,0.8125,0.9285714285714286,0.7222222222222222,0.7142857142857143,0.3381175937165205,26,5,2,10,36,7,0.7023809523809523,0.9322975345832393
PILOT-R07-R09-core_only-AAC_reference-linear_svm-F4,R09,core_only,AAC_reference,linear_svm,4,131,43,20,0.6744186046511628,0.7586206896551724,1.0,0.6111111111111112,1.0,0.45133546692422005,22,7,0,14,36,7,0.8412698412698413,0.9688509344881635
PILOT-R07-R10-core_only-AAC_reference-linear_svm-F1,R10,core_only,AAC_reference,linear_svm,1,130,44,20,0.6363636363636364,0.7575757575757576,0.8620689655172413,0.6756756756756757,0.42857142857142855,0.08043947985153671,25,3,4,12,37,7,0.6988416988416988,0.9377673627705212
PILOT-R07-R10-core_only-AAC_reference-linear_svm-F2,R10,core_only,AAC_reference,linear_svm,2,130,44,20,0.75,0.835820895522388,0.9032258064516129,0.7777777777777778,0.625,0.3404938109435677,28,5,3,8,36,8,0.75,0.9283661540437219
PILOT-R07-R10-core_only-AAC_reference-linear_svm-F3,R10,core_only,AAC_reference,linear_svm,3,131,43,20,0.5348837209302325,0.6666666666666666,0.8333333333333334,0.5555555555555556,0.42857142857142855,-0.011799872090079811,20,3,4,16,36,7,0.5396825396825398,0.8530475154594397
PILOT-R07-R10-core_only-AAC_reference-linear_svm-F4,R10,core_only,AAC_reference,linear_svm,4,131,43,20,0.813953488372093,0.8823529411764706,0.9375,0.8333333333333334,0.7142857142857143,0.46334820431459367,30,5,2,6,36,7,0.8452380952380952,0.9711740166347772
PILOT-R07-R01-core_plus_sensitivity-AAC_reference-linear_svm-F1,R01,core_plus_sensitivity,AAC_reference,linear_svm,1,132,45,20,0.6666666666666666,0.7692307692307693,0.8928571428571429,0.6756756756756757,0.625,0.23710497947597114,25,5,3,12,37,8,0.7128378378378378,0.9381039954329691
PILOT-R07-R01-core_plus_sensitivity-AAC_reference-linear_svm-F2,R01,core_plus_sensitivity,AAC_reference,linear_svm,2,133,44,20,0.6590909090909091,0.7619047619047619,0.8888888888888888,0.6666666666666666,0.625,0.23103442669455732,24,5,3,12,36,8,0.7430555555555556,0.9412966205316847
PILOT-R07-R01-core_plus_sensitivity-AAC_reference-linear_svm-F3,R01,core_plus_sensitivity,AAC_reference,linear_svm,3,133,44,20,0.5909090909090909,0.7096774193548387,0.8461538461538461,0.6111111111111112,0.5,0.0871627267280818,22,4,4,14,36,8,0.607638888888889,0.8763868175096694
PILOT-R07-R01-core_plus_sensitivity-AAC_reference-linear_svm-F4,R01,core_plus_sensitivity,AAC_reference,linear_svm,4,133,44,20,0.6818181818181818,0.7878787878787878,0.8666666666666667,0.7222222222222222,0.5,0.18401748249129446,26,4,4,10,36,8,0.6631944444444444,0.8939983707167721
PILOT-R07-R02-core_plus_sensitivity-AAC_reference-linear_svm-F1,R02,core_plus_sensitivity,AAC_reference,linear_svm,1,132,45,20,0.7333333333333333,0.8285714285714286,0.8787878787878788,0.7837837837837838,0.5,0.24534987303147354,29,4,4,8,37,8,0.6841216216216217,0.9076255993329461
PILOT-R07-R02-core_plus_sensitivity-AAC_reference-linear_svm-F2,R02,core_plus_sensitivity,AAC_reference,linear_svm,2,133,44,20,0.6818181818181818,0.7666666666666667,0.9583333333333334,0.6388888888888888,0.875,0.39805662169354006,23,7,1,13,36,8,0.767361111111111,0.9452686478993513
PILOT-R07-R02-core_plus_sensitivity-AAC_reference-linear_svm-F3,R02,core_plus_sensitivity,AAC_reference,linear_svm,3,133,44,20,0.5909090909090909,0.71875,0.8214285714285714,0.6388888888888888,0.375,0.01113588507968435,23,3,5,13,36,8,0.5798611111111112,0.8887642698796712
PILOT-R07-R02-core_plus_sensitivity-AAC_reference-linear_svm-F4,R02,core_plus_sensitivity,AAC_reference,linear_svm,4,133,44,20,0.75,0.8405797101449275,0.8787878787878788,0.8055555555555556,0.5,0.2721655269759087,29,4,4,7,36,8,0.8125,0.9568588676794583
PILOT-R07-R03-core_plus_sensitivity-AAC_reference-linear_svm-F1,R03,core_plus_sensitivity,AAC_reference,linear_svm,1,132,45,20,0.6222222222222222,0.7301587301587301,0.8846153846153846,0.6216216216216216,0.625,0.19090334147466106,23,5,3,14,37,8,0.7466216216216216,0.9421052859288861
PILOT-R07-R03-core_plus_sensitivity-AAC_reference-linear_svm-F2,R03,core_plus_sensitivity,AAC_reference,linear_svm,2,133,44,20,0.6363636363636364,0.75,0.8571428571428571,0.6666666666666666,0.5,0.1336306209562122,24,4,4,12,36,8,0.6041666666666666,0.8750515047610368
PILOT-R07-R03-core_plus_sensitivity-AAC_reference-linear_svm-F3,R03,core_plus_sensitivity,AAC_reference,linear_svm,3,133,44,20,0.7045454545454546,0.7936507936507936,0.9259259259259259,0.6944444444444444,0.75,0.35205245972503973,25,6,2,11,36,8,0.795138888888889,0.9513288867967804
PILOT-R07-R03-core_plus_sensitivity-AAC_reference-linear_svm-F4,R03,core_plus_sensitivity,AAC_reference,linear_svm,4,133,44,20,0.7045454545454546,0.7936507936507936,0.9259259259259259,0.6944444444444444,0.75,0.35205245972503973,25,6,2,11,36,8,0.798611111111111,0.9494723458761749
PILOT-R07-R04-core_plus_sensitivity-AAC_reference-linear_svm-F1,R04,core_plus_sensitivity,AAC_reference,linear_svm,1,132,45,20,0.6222222222222222,0.711864406779661,0.9545454545454546,0.5675675675675675,0.875,0.3384933817212293,21,7,1,16,37,8,0.8141891891891893,0.943297246085758
PILOT-R07-R04-core_plus_sensitivity-AAC_reference-linear_svm-F2,R04,core_plus_sensitivity,AAC_reference,linear_svm,2,133,44,20,0.6136363636363636,0.711864406779661,0.9130434782608695,0.5833333333333334,0.75,0.2573957808351148,21,6,2,15,36,8,0.6840277777777777,0.922341111477087
PILOT-R07-R04-core_plus_sensitivity-AAC_reference-linear_svm-F3,R04,core_plus_sensitivity,AAC_reference,linear_svm,3,133,44,20,0.6818181818181818,0.7741935483870968,0.9230769230769231,0.6666666666666666,0.75,0.3268602252303067,24,6,2,12,36,8,0.7395833333333334,0.9278518494669974
PILOT-R07-R04-core_plus_sensitivity-AAC_reference-linear_svm-F4,R04,core_plus_sensitivity,AAC_reference,linear_svm,4,133,44,20,0.6818181818181818,0.7941176470588235,0.84375,0.75,0.375,0.10825317547305482,27,3,5,9,36,8,0.6111111111111112,0.892397896369388
PILOT-R07-R05-core_plus_sensitivity-AAC_reference-linear_svm-F1,R05,core_plus_sensitivity,AAC_reference,linear_svm,1,132,45,20,0.6444444444444445,0.7647058823529411,0.8387096774193549,0.7027027027027027,0.375,0.06417075008344739,26,3,5,11,37,8,0.7094594594594594,0.9327373698823842
PILOT-R07-R05-core_plus_sensitivity-AAC_reference-linear_svm-F2,R05,core_plus_sensitivity,AAC_reference,linear_svm,2,133,44,20,0.6818181818181818,0.78125,0.8928571428571429,0.6944444444444444,0.625,0.25612535683274,25,5,3,11,36,8,0.732638888888889,0.9344732086696694
PILOT-R07-R05-core_plus_sensitivity-AAC_reference-linear_svm-F3,R05,core_plus_sensitivity,AAC_reference,linear_svm,3,133,44,20,0.6590909090909091,0.7761194029850746,0.8387096774193549,0.7222222222222222,0.375,0.08218816126224048,26,3,5,10,36,8,0.6041666666666666,0.9026963668093411
PILOT-R07-R05-core_plus_sensitivity-AAC_reference-linear_svm-F4,R05,core_plus_sensitivity,AAC_reference,linear_svm,4,133,44,20,0.7045454545454546,0.7936507936507936,0.9259259259259259,0.6944444444444444,0.75,0.35205245972503973,25,6,2,11,36,8,0.8020833333333333,0.9551686407043065
PILOT-R07-R06-core_plus_sensitivity-AAC_reference-linear_svm-F1,R06,core_plus_sensitivity,AAC_reference,linear_svm,1,132,45,20,0.7333333333333333,0.8181818181818182,0.9310344827586207,0.7297297297297297,0.75,0.3831629414515067,27,6,2,10,37,8,0.75,0.9488131258332659
PILOT-R07-R06-core_plus_sensitivity-AAC_reference-linear_svm-F2,R06,core_plus_sensitivity,AAC_reference,linear_svm,2,133,44,20,0.6818181818181818,0.7941176470588235,0.84375,0.75,0.375,0.10825317547305482,27,3,5,9,36,8,0.5729166666666667,0.8796881835875945
PILOT-R07-R06-core_plus_sensitivity-AAC_reference-linear_svm-F3,R06,core_plus_sensitivity,AAC_reference,linear_svm,3,133,44,20,0.7727272727272727,0.8484848484848485,0.9333333333333333,0.7777777777777778,0.75,0.43704152091682436,28,6,2,8,36,8,0.7083333333333334,0.9185074977572485
PILOT-R07-R06-core_plus_sensitivity-AAC_reference-linear_svm-F4,R06,core_plus_sensitivity,AAC_reference,linear_svm,4,133,44,20,0.75,0.8253968253968254,0.9629629629629629,0.7222222222222222,0.875,0.47307049275552215,26,7,1,10,36,8,0.892361111111111,0.975762206382726
PILOT-R07-R07-core_plus_sensitivity-AAC_reference-linear_svm-F1,R07,core_plus_sensitivity,AAC_reference,linear_svm,1,132,45,20,0.7333333333333333,0.8125,0.9629629629629629,0.7027027027027027,0.875,0.45085004798243705,26,7,1,11,37,8,0.7804054054054055,0.950635458166003
PILOT-R07-R07-core_plus_sensitivity-AAC_reference-linear_svm-F2,R07,core_plus_sensitivity,AAC_reference,linear_svm,2,133,44,20,0.7727272727272727,0.8571428571428571,0.8823529411764706,0.8333333333333334,0.5,0.3067859955389482,30,4,4,6,36,8,0.6701388888888888,0.8966395359796792
PILOT-R07-R07-core_plus_sensitivity-AAC_reference-linear_svm-F3,R07,core_plus_sensitivity,AAC_reference,linear_svm,3,133,44,20,0.7272727272727273,0.8181818181818182,0.9,0.75,0.625,0.3105295017040594,27,5,3,9,36,8,0.7604166666666667,0.9407108300443763
PILOT-R07-R07-core_plus_sensitivity-AAC_reference-linear_svm-F4,R07,core_plus_sensitivity,AAC_reference,linear_svm,4,133,44,20,0.6590909090909091,0.7368421052631579,1.0,0.5833333333333334,1.0,0.45044261646145084,21,8,0,15,36,8,0.7638888888888888,0.9477899942217827
PILOT-R07-R08-core_plus_sensitivity-AAC_reference-linear_svm-F1,R08,core_plus_sensitivity,AAC_reference,linear_svm,1,132,45,20,0.7111111111111111,0.8169014084507042,0.8529411764705882,0.7837837837837838,0.375,0.14125902401572996,29,3,5,8,37,8,0.7331081081081081,0.934880738489944
PILOT-R07-R08-core_plus_sensitivity-AAC_reference-linear_svm-F2,R08,core_plus_sensitivity,AAC_reference,linear_svm,2,133,44,20,0.6363636363636364,0.7333333333333333,0.9166666666666666,0.6111111111111112,0.75,0.2797154638927579,22,6,2,14,36,8,0.7291666666666666,0.9376838742107739
PILOT-R07-R08-core_plus_sensitivity-AAC_reference-linear_svm-F3,R08,core_plus_sensitivity,AAC_reference,linear_svm,3,133,44,20,0.6818181818181818,0.78125,0.8928571428571429,0.6944444444444444,0.625,0.25612535683274,25,5,3,11,36,8,0.7534722222222222,0.9470289103734773
PILOT-R07-R08-core_plus_sensitivity-AAC_reference-linear_svm-F4,R08,core_plus_sensitivity,AAC_reference,linear_svm,4,133,44,20,0.5909090909090909,0.6785714285714286,0.95,0.5277777777777778,0.875,0.31199032511115304,19,7,1,17,36,8,0.6805555555555556,0.926951339124783
PILOT-R07-R09-core_plus_sensitivity-AAC_reference-linear_svm-F1,R09,core_plus_sensitivity,AAC_reference,linear_svm,1,132,45,20,0.7777777777777778,0.8529411764705882,0.9354838709677419,0.7837837837837838,0.75,0.44082515274716033,29,6,2,8,37,8,0.7364864864864865,0.9277674231415423
PILOT-R07-R09-core_plus_sensitivity-AAC_reference-linear_svm-F2,R09,core_plus_sensitivity,AAC_reference,linear_svm,2,133,44,20,0.7045454545454546,0.8059701492537313,0.8709677419354839,0.75,0.5,0.21134098610290408,27,4,4,9,36,8,0.6979166666666666,0.9135399212497014
PILOT-R07-R09-core_plus_sensitivity-AAC_reference-linear_svm-F3,R09,core_plus_sensitivity,AAC_reference,linear_svm,3,133,44,20,0.7045454545454546,0.8,0.896551724137931,0.7222222222222222,0.625,0.2825264598420043,26,5,3,10,36,8,0.6979166666666667,0.9326516678790846
PILOT-R07-R09-core_plus_sensitivity-AAC_reference-linear_svm-F4,R09,core_plus_sensitivity,AAC_reference,linear_svm,4,133,44,20,0.6590909090909091,0.7368421052631579,1.0,0.5833333333333334,1.0,0.45044261646145084,21,8,0,15,36,8,0.8020833333333334,0.9551021528011292
PILOT-R07-R10-core_plus_sensitivity-AAC_reference-linear_svm-F1,R10,core_plus_sensitivity,AAC_reference,linear_svm,1,132,45,20,0.6666666666666666,0.7692307692307693,0.8928571428571429,0.6756756756756757,0.625,0.23710497947597114,25,5,3,12,37,8,0.7466216216216216,0.9423855664327216
PILOT-R07-R10-core_plus_sensitivity-AAC_reference-linear_svm-F2,R10,core_plus_sensitivity,AAC_reference,linear_svm,2,133,44,20,0.8181818181818182,0.8857142857142857,0.9117647058823529,0.8611111111111112,0.625,0.44739624349429946,31,5,3,5,36,8,0.7708333333333333,0.9332676055607191
PILOT-R07-R10-core_plus_sensitivity-AAC_reference-linear_svm-F3,R10,core_plus_sensitivity,AAC_reference,linear_svm,3,133,44,20,0.5454545454545454,0.6666666666666666,0.8333333333333334,0.5555555555555556,0.5,0.04303314829119352,20,4,4,16,36,8,0.5381944444444444,0.8402939645270808
PILOT-R07-R10-core_plus_sensitivity-AAC_reference-linear_svm-F4,R10,core_plus_sensitivity,AAC_reference,linear_svm,4,133,44,20,0.8181818181818182,0.8857142857142857,0.9117647058823529,0.8611111111111112,0.625,0.44739624349429946,31,5,3,5,36,8,0.857638888888889,0.9707642580704418
PILOT-R07-R01-core_only-CKSAAP_k1-logistic_regression_l2-F1,R01,core_only,CKSAAP_k1,logistic_regression_l2,1,129,45,400,0.6666666666666666,0.7619047619047619,0.9230769230769231,0.6486486486486487,0.75,0.30858348347958914,24,6,2,13,37,8,0.7094594594594595,0.8982616903189173
PILOT-R07-R01-core_only-CKSAAP_k1-logistic_regression_l2-F2,R01,core_only,CKSAAP_k1,logistic_regression_l2,2,131,43,400,0.8372093023255814,0.8985507246376812,0.9393939393939394,0.8611111111111112,0.7142857142857143,0.5028179370566227,31,5,2,5,36,7,0.7341269841269841,0.8987017585954171
PILOT-R07-R01-core_only-CKSAAP_k1-logistic_regression_l2-F3,R01,core_only,CKSAAP_k1,logistic_regression_l2,3,131,43,400,0.7441860465116279,0.835820895522388,0.9032258064516129,0.7777777777777778,0.5714285714285714,0.2874159939455275,28,4,3,8,36,7,0.7142857142857143,0.9259393276854454
PILOT-R07-R01-core_only-CKSAAP_k1-logistic_regression_l2-F4,R01,core_only,CKSAAP_k1,logistic_regression_l2,4,131,43,400,0.813953488372093,0.8787878787878788,0.9666666666666667,0.8055555555555556,0.8571428571428571,0.5327014724692046,29,6,1,7,36,7,0.8531746031746031,0.9648190281064427
PILOT-R07-R02-core_only-CKSAAP_k1-logistic_regression_l2-F1,R02,core_only,CKSAAP_k1,logistic_regression_l2,1,130,44,400,0.8181818181818182,0.8857142857142857,0.9393939393939394,0.8378378378378378,0.7142857142857143,0.46637240216721393,31,5,2,6,37,7,0.7258687258687259,0.9016526849102284
PILOT-R07-R02-core_only-CKSAAP_k1-logistic_regression_l2-F2,R02,core_only,CKSAAP_k1,logistic_regression_l2,2,130,44,400,0.7954545454545454,0.8732394366197183,0.8857142857142857,0.8611111111111112,0.5,0.34528826491882486,31,4,4,5,36,8,0.6145833333333333,0.8117032189127968
PILOT-R07-R02-core_only-CKSAAP_k1-logistic_regression_l2-F3,R02,core_only,CKSAAP_k1,logistic_regression_l2,3,131,43,400,0.8604651162790697,0.9142857142857143,0.9411764705882353,0.8888888888888888,0.7142857142857143,0.5473720332218277,32,5,2,4,36,7,0.8452380952380952,0.965967330044924
PILOT-R07-R02-core_only-CKSAAP_k1-logistic_regression_l2-F4,R02,core_only,CKSAAP_k1,logistic_regression_l2,4,131,43,400,0.7906976744186046,0.8656716417910447,0.9354838709677419,0.8055555555555556,0.7142857142857143,0.42785790007800123,29,5,2,7,36,7,0.8968253968253969,0.9781276387171678
PILOT-R07-R03-core_only-CKSAAP_k1-logistic_regression_l2-F1,R03,core_only,CKSAAP_k1,logistic_regression_l2,1,130,44,400,0.8181818181818182,0.8918918918918919,0.8918918918918919,0.8918918918918919,0.42857142857142855,0.3204633204633205,33,3,4,4,37,7,0.5135135135135136,0.8333524555180745
PILOT-R07-R03-core_only-CKSAAP_k1-logistic_regression_l2-F2,R03,core_only,CKSAAP_k1,logistic_regression_l2,2,130,44,400,0.8636363636363636,0.9166666666666666,0.9166666666666666,0.9166666666666666,0.625,0.5416666666666666,33,5,3,3,36,8,0.7534722222222222,0.9089097726123704
PILOT-R07-R03-core_only-CKSAAP_k1-logistic_regression_l2-F3,R03,core_only,CKSAAP_k1,logistic_regression_l2,3,131,43,400,0.8372093023255814,0.8955223880597015,0.967741935483871,0.8333333333333334,0.8571428571428571,0.5682998062104749,30,6,1,6,36,7,0.9206349206349206,0.9850971760360477
PILOT-R07-R03-core_only-CKSAAP_k1-logistic_regression_l2-F4,R03,core_only,CKSAAP_k1,logistic_regression_l2,4,131,43,400,0.7441860465116279,0.835820895522388,0.9032258064516129,0.7777777777777778,0.5714285714285714,0.2874159939455275,28,4,3,8,36,7,0.6785714285714286,0.9216827351916655
PILOT-R07-R04-core_only-CKSAAP_k1-logistic_regression_l2-F1,R04,core_only,CKSAAP_k1,logistic_regression_l2,1,130,44,400,0.6590909090909091,0.7761194029850746,0.8666666666666667,0.7027027027027027,0.42857142857142855,0.10308711599465929,26,3,4,11,37,7,0.6756756756756757,0.9178327915933959
PILOT-R07-R04-core_only-CKSAAP_k1-logistic_regression_l2-F2,R04,core_only,CKSAAP_k1,logistic_regression_l2,2,130,44,400,0.75,0.8307692307692308,0.9310344827586207,0.75,0.75,0.4068381021724862,27,6,2,9,36,8,0.8715277777777778,0.9717350576187866
PILOT-R07-R04-core_only-CKSAAP_k1-logistic_regression_l2-F3,R04,core_only,CKSAAP_k1,logistic_regression_l2,3,131,43,400,0.7674418604651163,0.8529411764705882,0.90625,0.8055555555555556,0.5714285714285714,0.31897158992671304,29,4,3,7,36,7,0.6904761904761905,0.9227769281206171
PILOT-R07-R04-core_only-CKSAAP_k1-logistic_regression_l2-F4,R04,core_only,CKSAAP_k1,logistic_regression_l2,4,131,43,400,0.8372093023255814,0.8985507246376812,0.9393939393939394,0.8611111111111112,0.7142857142857143,0.5028179370566227,31,5,2,5,36,7,0.7103174603174602,0.8874123912624482
PILOT-R07-R05-core_only-CKSAAP_k1-logistic_regression_l2-F1,R05,core_only,CKSAAP_k1,logistic_regression_l2,1,130,44,400,0.8636363636363636,0.9166666666666666,0.9428571428571428,0.8918918918918919,0.7142857142857143,0.5496604555653705,33,5,2,4,37,7,0.8223938223938224,0.9471297599622457
PILOT-R07-R05-core_only-CKSAAP_k1-logistic_regression_l2-F2,R05,core_only,CKSAAP_k1,logistic_regression_l2,2,130,44,400,0.7045454545454546,0.8115942028985508,0.8484848484848485,0.7777777777777778,0.375,0.13608276348795434,28,3,5,8,36,8,0.6388888888888888,0.8976738299269181
PILOT-R07-R05-core_only-CKSAAP_k1-logistic_regression_l2-F3,R05,core_only,CKSAAP_k1,logistic_regression_l2,3,131,43,400,0.6744186046511628,0.7878787878787878,0.8666666666666667,0.7222222222222222,0.42857142857142855,0.1212135087055675,26,3,4,10,36,7,0.6626984126984126,0.9272628029510043
PILOT-R07-R05-core_only-CKSAAP_k1-logistic_regression_l2-F4,R05,core_only,CKSAAP_k1,logistic_regression_l2,4,131,43,400,0.7209302325581395,0.8181818181818182,0.9,0.75,0.5714285714285714,0.25837616329344654,27,4,3,9,36,7,0.6587301587301588,0.8953637243999405
PILOT-R07-R06-core_only-CKSAAP_k1-logistic_regression_l2-F1,R06,core_only,CKSAAP_k1,logistic_regression_l2,1,130,44,400,0.8636363636363636,0.918918918918919,0.918918918918919,0.918918918918919,0.5714285714285714,0.49034749034749037,34,4,3,3,37,7,0.7104247104247104,0.8920806467692592
PILOT-R07-R06-core_only-CKSAAP_k1-logistic_regression_l2-F2,R06,core_only,CKSAAP_k1,logistic_regression_l2,2,130,44,400,0.7045454545454546,0.8,0.896551724137931,0.7222222222222222,0.625,0.2825264598420043,26,5,3,10,36,8,0.7534722222222222,0.8809562178154414
PILOT-R07-R06-core_only-CKSAAP_k1-logistic_regression_l2-F3,R06,core_only,CKSAAP_k1,logistic_regression_l2,3,131,43,400,0.8604651162790697,0.9166666666666666,0.9166666666666666,0.9166666666666666,0.5714285714285714,0.4880952380952381,33,4,3,3,36,7,0.7420634920634921,0.9131195061444175
PILOT-R07-R06-core_only-CKSAAP_k1-logistic_regression_l2-F4,R06,core_only,CKSAAP_k1,logistic_regression_l2,4,131,43,400,0.7674418604651163,0.8529411764705882,0.90625,0.8055555555555556,0.5714285714285714,0.31897158992671304,29,4,3,7,36,7,0.7658730158730159,0.9400169975775415
PILOT-R07-R07-core_only-CKSAAP_k1-logistic_regression_l2-F1,R07,core_only,CKSAAP_k1,logistic_regression_l2,1,130,44,400,0.8636363636363636,0.9117647058823529,1.0,0.8378378378378378,1.0,0.6716721306883673,31,7,0,6,37,7,0.9498069498069498,0.9911409056919891
PILOT-R07-R07-core_only-CKSAAP_k1-logistic_regression_l2-F2,R07,core_only,CKSAAP_k1,logistic_regression_l2,2,130,44,400,0.7272727272727273,0.8235294117647058,0.875,0.7777777777777778,0.5,0.24056261216234406,28,4,4,8,36,8,0.6006944444444444,0.8397434614546047
PILOT-R07-R07-core_only-CKSAAP_k1-logistic_regression_l2-F3,R07,core_only,CKSAAP_k1,logistic_regression_l2,3,131,43,400,0.7441860465116279,0.835820895522388,0.9032258064516129,0.7777777777777778,0.5714285714285714,0.2874159939455275,28,4,3,8,36,7,0.761904761904762,0.9501270916846347
PILOT-R07-R07-core_only-CKSAAP_k1-logistic_regression_l2-F4,R07,core_only,CKSAAP_k1,logistic_regression_l2,4,131,43,400,0.9302325581395349,0.958904109589041,0.9459459459459459,0.9722222222222222,0.7142857142857143,0.7314242339309042,35,5,2,1,36,7,0.869047619047619,0.9666949664817567
PILOT-R07-R08-core_only-CKSAAP_k1-logistic_regression_l2-F1,R08,core_only,CKSAAP_k1,logistic_regression_l2,1,130,44,400,0.7954545454545454,0.8732394366197183,0.9117647058823529,0.8378378378378378,0.5714285714285714,0.3572041737052757,31,4,3,6,37,7,0.6911196911196911,0.8800334845405207
PILOT-R07-R08-core_only-CKSAAP_k1-logistic_regression_l2-F2,R08,core_only,CKSAAP_k1,logistic_regression_l2,2,130,44,400,0.7272727272727273,0.8125,0.9285714285714286,0.7222222222222222,0.75,0.3786200927092679,26,6,2,10,36,8,0.7430555555555556,0.9324137339077827
PILOT-R07-R08-core_only-CKSAAP_k1-logistic_regression_l2-F3,R08,core_only,CKSAAP_k1,logistic_regression_l2,3,131,43,400,0.813953488372093,0.8918918918918919,0.868421052631579,0.9166666666666666,0.2857142857142857,0.23307361127050977,33,2,5,3,36,7,0.6111111111111112,0.8963181441328828
PILOT-R07-R08-core_only-CKSAAP_k1-logistic_regression_l2-F4,R08,core_only,CKSAAP_k1,logistic_regression_l2,4,131,43,400,0.6511627906976745,0.7692307692307693,0.8620689655172413,0.6944444444444444,0.42857142857142855,0.09691665282503333,25,3,4,11,36,7,0.6746031746031746,0.9335421958936775
PILOT-R07-R09-core_only-CKSAAP_k1-logistic_regression_l2-F1,R09,core_only,CKSAAP_k1,logistic_regression_l2,1,130,44,400,0.75,0.835820895522388,0.9333333333333333,0.7567567567567568,0.7142857142857143,0.3699008279808363,28,5,2,9,37,7,0.7413127413127414,0.9252663998698814
PILOT-R07-R09-core_only-CKSAAP_k1-logistic_regression_l2-F2,R09,core_only,CKSAAP_k1,logistic_regression_l2,2,130,44,400,0.75,0.8450704225352113,0.8571428571428571,0.8333333333333334,0.375,0.19920476822239894,30,3,5,6,36,8,0.6875,0.9074521500347893
PILOT-R07-R09-core_only-CKSAAP_k1-logistic_regression_l2-F3,R09,core_only,CKSAAP_k1,logistic_regression_l2,3,131,43,400,0.7906976744186046,0.8656716417910447,0.9354838709677419,0.8055555555555556,0.7142857142857143,0.42785790007800123,29,5,2,7,36,7,0.8055555555555556,0.9570219922424561
PILOT-R07-R09-core_only-CKSAAP_k1-logistic_regression_l2-F4,R09,core_only,CKSAAP_k1,logistic_regression_l2,4,131,43,400,0.7209302325581395,0.8181818181818182,0.9,0.75,0.5714285714285714,0.25837616329344654,27,4,3,9,36,7,0.626984126984127,0.853194349482763
PILOT-R07-R10-core_only-CKSAAP_k1-logistic_regression_l2-F1,R10,core_only,CKSAAP_k1,logistic_regression_l2,1,130,44,400,0.7727272727272727,0.8648648648648649,0.8648648648648649,0.8648648648648649,0.2857142857142857,0.15057915057915058,32,2,5,5,37,7,0.725868725868726,0.9161095853968202
PILOT-R07-R10-core_only-CKSAAP_k1-logistic_regression_l2-F2,R10,core_only,CKSAAP_k1,logistic_regression_l2,2,130,44,400,0.7727272727272727,0.8484848484848485,0.9333333333333333,0.7777777777777778,0.75,0.43704152091682436,28,6,2,8,36,8,0.7083333333333334,0.8819967414120357
PILOT-R07-R10-core_only-CKSAAP_k1-logistic_regression_l2-F3,R10,core_only,CKSAAP_k1,logistic_regression_l2,3,131,43,400,0.6744186046511628,0.7941176470588235,0.84375,0.75,0.2857142857142857,0.03021836115095176,27,2,5,9,36,7,0.48015873015873023,0.8259205984961621
PILOT-R07-R10-core_only-CKSAAP_k1-logistic_regression_l2-F4,R10,core_only,CKSAAP_k1,logistic_regression_l2,4,131,43,400,0.6511627906976745,0.7368421052631579,1.0,0.5833333333333334,1.0,0.4308202184276646,21,7,0,15,36,7,0.8650793650793651,0.9716856871355227
PILOT-R07-R01-core_plus_sensitivity-CKSAAP_k1-logistic_regression_l2-F1,R01,core_plus_sensitivity,CKSAAP_k1,logistic_regression_l2,1,132,45,400,0.7333333333333333,0.8235294117647058,0.9032258064516129,0.7567567567567568,0.625,0.31527368519258936,28,5,3,9,37,8,0.7567567567567568,0.9230063302664633
PILOT-R07-R01-core_plus_sensitivity-CKSAAP_k1-logistic_regression_l2-F2,R01,core_plus_sensitivity,CKSAAP_k1,logistic_regression_l2,2,133,44,400,0.7954545454545454,0.8695652173913043,0.9090909090909091,0.8333333333333334,0.625,0.408248290463863,30,5,3,6,36,8,0.6909722222222222,0.8655531014546967
PILOT-R07-R01-core_plus_sensitivity-CKSAAP_k1-logistic_regression_l2-F3,R01,core_plus_sensitivity,CKSAAP_k1,logistic_regression_l2,3,133,44,400,0.7045454545454546,0.8115942028985508,0.8484848484848485,0.7777777777777778,0.375,0.13608276348795434,28,3,5,8,36,8,0.7118055555555556,0.9215149129510589
PILOT-R07-R01-core_plus_sensitivity-CKSAAP_k1-logistic_regression_l2-F4,R01,core_plus_sensitivity,CKSAAP_k1,logistic_regression_l2,4,133,44,400,0.7954545454545454,0.8656716417910447,0.9354838709677419,0.8055555555555556,0.75,0.46964663578423127,29,6,2,7,36,8,0.8333333333333334,0.956134475499659
PILOT-R07-R02-core_plus_sensitivity-CKSAAP_k1-logistic_regression_l2-F1,R02,core_plus_sensitivity,CKSAAP_k1,logistic_regression_l2,1,132,45,400,0.8,0.8695652173913043,0.9375,0.8108108108108109,0.75,0.4730592808095864,30,6,2,7,37,8,0.75,0.897926730574518
PILOT-R07-R02-core_plus_sensitivity-CKSAAP_k1-logistic_regression_l2-F2,R02,core_plus_sensitivity,CKSAAP_k1,logistic_regression_l2,2,133,44,400,0.7954545454545454,0.8732394366197183,0.8857142857142857,0.8611111111111112,0.5,0.34528826491882486,31,4,4,5,36,8,0.6666666666666667,0.8528085015972658
PILOT-R07-R02-core_plus_sensitivity-CKSAAP_k1-logistic_regression_l2-F3,R02,core_plus_sensitivity,CKSAAP_k1,logistic_regression_l2,3,133,44,400,0.8181818181818182,0.8857142857142857,0.9117647058823529,0.8611111111111112,0.625,0.44739624349429946,31,5,3,5,36,8,0.7534722222222222,0.9267101074751242
PILOT-R07-R02-core_plus_sensitivity-CKSAAP_k1-logistic_regression_l2-F4,R02,core_plus_sensitivity,CKSAAP_k1,logistic_regression_l2,4,133,44,400,0.7727272727272727,0.84375,0.9642857142857143,0.75,0.875,0.5011148285857957,27,7,1,9,36,8,0.8819444444444444,0.9723827045587932
PILOT-R07-R03-core_plus_sensitivity-CKSAAP_k1-logistic_regression_l2-F1,R03,core_plus_sensitivity,CKSAAP_k1,logistic_regression_l2,1,132,45,400,0.7777777777777778,0.8648648648648649,0.8648648648648649,0.8648648648648649,0.375,0.23986486486486486,32,3,5,5,37,8,0.5675675675675675,0.8112963065975033
PILOT-R07-R03-core_plus_sensitivity-CKSAAP_k1-logistic_regression_l2-F2,R03,core_plus_sensitivity,CKSAAP_k1,logistic_regression_l2,2,133,44,400,0.8636363636363636,0.918918918918919,0.8947368421052632,0.9444444444444444,0.5,0.49951243284357016,34,4,4,2,36,8,0.75,0.9021512679677101
PILOT-R07-R03-core_plus_sensitivity-CKSAAP_k1-logistic_regression_l2-F3,R03,core_plus_sensitivity,CKSAAP_k1,logistic_regression_l2,3,133,44,400,0.8636363636363636,0.9117647058823529,0.96875,0.8611111111111112,0.875,0.6374909222302118,31,7,1,5,36,8,0.8645833333333333,0.9648828456741096
PILOT-R07-R03-core_plus_sensitivity-CKSAAP_k1-logistic_regression_l2-F4,R03,core_plus_sensitivity,CKSAAP_k1,logistic_regression_l2,4,133,44,400,0.7727272727272727,0.8529411764705882,0.90625,0.8055555555555556,0.625,0.3728720488516333,29,5,3,7,36,8,0.7083333333333334,0.921712330162705
PILOT-R07-R04-core_plus_sensitivity-CKSAAP_k1-logistic_regression_l2-F1,R04,core_plus_sensitivity,CKSAAP_k1,logistic_regression_l2,1,132,45,400,0.6666666666666666,0.7761194029850746,0.8666666666666667,0.7027027027027027,0.5,0.1643989873053573,26,4,4,11,37,8,0.7668918918918919,0.9436110913392435
PILOT-R07-R04-core_plus_sensitivity-CKSAAP_k1-logistic_regression_l2-F2,R04,core_plus_sensitivity,CKSAAP_k1,logistic_regression_l2,2,133,44,400,0.7045454545454546,0.7936507936507936,0.9259259259259259,0.6944444444444444,0.75,0.35205245972503973,25,6,2,11,36,8,0.8368055555555555,0.962979365723039
PILOT-R07-R04-core_plus_sensitivity-CKSAAP_k1-logistic_regression_l2-F3,R04,core_plus_sensitivity,CKSAAP_k1,logistic_regression_l2,3,133,44,400,0.7045454545454546,0.8,0.896551724137931,0.7222222222222222,0.625,0.2825264598420043,26,5,3,10,36,8,0.7222222222222222,0.9212627873739903
PILOT-R07-R04-core_plus_sensitivity-CKSAAP_k1-logistic_regression_l2-F4,R04,core_plus_sensitivity,CKSAAP_k1,logistic_regression_l2,4,133,44,400,0.8409090909090909,0.8985507246376812,0.9393939393939394,0.8611111111111112,0.75,0.5443310539518174,31,6,2,5,36,8,0.7291666666666666,0.8844009774875706
PILOT-R07-R05-core_plus_sensitivity-CKSAAP_k1-logistic_regression_l2-F1,R05,core_plus_sensitivity,CKSAAP_k1,logistic_regression_l2,1,132,45,400,0.8222222222222222,0.8888888888888888,0.9142857142857143,0.8648648648648649,0.625,0.45049308035087,32,5,3,5,37,8,0.7567567567567568,0.9269490727131637
PILOT-R07-R05-core_plus_sensitivity-CKSAAP_k1-logistic_regression_l2-F2,R05,core_plus_sensitivity,CKSAAP_k1,logistic_regression_l2,2,133,44,400,0.7272727272727273,0.8235294117647058,0.875,0.7777777777777778,0.5,0.24056261216234406,28,4,4,8,36,8,0.6770833333333334,0.9019813801926342
PILOT-R07-R05-core_plus_sensitivity-CKSAAP_k1-logistic_regression_l2-F3,R05,core_plus_sensitivity,CKSAAP_k1,logistic_regression_l2,3,133,44,400,0.6363636363636364,0.7647058823529411,0.8125,0.7222222222222222,0.25,-0.024056261216234408,26,2,6,10,36,8,0.6388888888888888,0.9109720778674364
PILOT-R07-R05-core_plus_sensitivity-CKSAAP_k1-logistic_regression_l2-F4,R05,core_plus_sensitivity,CKSAAP_k1,logistic_regression_l2,4,133,44,400,0.7045454545454546,0.8059701492537313,0.8709677419354839,0.75,0.5,0.21134098610290408,27,4,4,9,36,8,0.625,0.8747438876273759
PILOT-R07-R06-core_plus_sensitivity-CKSAAP_k1-logistic_regression_l2-F1,R06,core_plus_sensitivity,CKSAAP_k1,logistic_regression_l2,1,132,45,400,0.8666666666666667,0.9166666666666666,0.9428571428571428,0.8918918918918919,0.75,0.59030127770114,33,6,2,4,37,8,0.7702702702702703,0.9050452662076081
PILOT-R07-R06-core_plus_sensitivity-CKSAAP_k1-logistic_regression_l2-F2,R06,core_plus_sensitivity,CKSAAP_k1,logistic_regression_l2,2,133,44,400,0.7045454545454546,0.8,0.896551724137931,0.7222222222222222,0.625,0.2825264598420043,26,5,3,10,36,8,0.7673611111111112,0.8863553799457342
PILOT-R07-R06-core_plus_sensitivity-CKSAAP_k1-logistic_regression_l2-F3,R06,core_plus_sensitivity,CKSAAP_k1,logistic_regression_l2,3,133,44,400,0.8181818181818182,0.8857142857142857,0.9117647058823529,0.8611111111111112,0.625,0.44739624349429946,31,5,3,5,36,8,0.7083333333333334,0.8910406902098292
PILOT-R07-R06-core_plus_sensitivity-CKSAAP_k1-logistic_regression_l2-F4,R06,core_plus_sensitivity,CKSAAP_k1,logistic_regression_l2,4,133,44,400,0.7272727272727273,0.8235294117647058,0.875,0.7777777777777778,0.5,0.24056261216234406,28,4,4,8,36,8,0.8020833333333334,0.9551646834032392
PILOT-R07-R07-core_plus_sensitivity-CKSAAP_k1-logistic_regression_l2-F1,R07,core_plus_sensitivity,CKSAAP_k1,logistic_regression_l2,1,132,45,400,0.8444444444444444,0.8985507246376812,0.96875,0.8378378378378378,0.875,0.6012982424748358,31,7,1,6,37,8,0.956081081081081,0.9911409056919891
PILOT-R07-R07-core_plus_sensitivity-CKSAAP_k1-logistic_regression_l2-F2,R07,core_plus_sensitivity,CKSAAP_k1,logistic_regression_l2,2,133,44,400,0.7727272727272727,0.8571428571428571,0.8823529411764706,0.8333333333333334,0.5,0.3067859955389482,30,4,4,6,36,8,0.5833333333333334,0.8415491680268232
PILOT-R07-R07-core_plus_sensitivity-CKSAAP_k1-logistic_regression_l2-F3,R07,core_plus_sensitivity,CKSAAP_k1,logistic_regression_l2,3,133,44,400,0.7272727272727273,0.8181818181818182,0.9,0.75,0.625,0.3105295017040594,27,5,3,9,36,8,0.763888888888889,0.9455081474688516
PILOT-R07-R07-core_plus_sensitivity-CKSAAP_k1-logistic_regression_l2-F4,R07,core_plus_sensitivity,CKSAAP_k1,logistic_regression_l2,4,133,44,400,0.8636363636363636,0.9166666666666666,0.9166666666666666,0.9166666666666666,0.625,0.5416666666666666,33,5,3,3,36,8,0.8020833333333334,0.9441093718730671
PILOT-R07-R08-core_plus_sensitivity-CKSAAP_k1-logistic_regression_l2-F1,R08,core_plus_sensitivity,CKSAAP_k1,logistic_regression_l2,1,132,45,400,0.8222222222222222,0.8888888888888888,0.9142857142857143,0.8648648648648649,0.625,0.45049308035087,32,5,3,5,37,8,0.75,0.8977509665409231
PILOT-R07-R08-core_plus_sensitivity-CKSAAP_k1-logistic_regression_l2-F2,R08,core_plus_sensitivity,CKSAAP_k1,logistic_regression_l2,2,133,44,400,0.6590909090909091,0.7540983606557377,0.92,0.6388888888888888,0.75,0.30281331944409007,23,6,2,13,36,8,0.7152777777777778,0.9259144816022029
PILOT-R07-R08-core_plus_sensitivity-CKSAAP_k1-logistic_regression_l2-F3,R08,core_plus_sensitivity,CKSAAP_k1,logistic_regression_l2,3,133,44,400,0.7954545454545454,0.8767123287671232,0.8648648648648649,0.8888888888888888,0.375,0.2782706909370396,32,3,5,4,36,8,0.6354166666666666,0.8846670041142155
PILOT-R07-R08-core_plus_sensitivity-CKSAAP_k1-logistic_regression_l2-F4,R08,core_plus_sensitivity,CKSAAP_k1,logistic_regression_l2,4,133,44,400,0.6136363636363636,0.7301587301587301,0.8518518518518519,0.6388888888888888,0.5,0.11001639366407491,23,4,4,13,36,8,0.6527777777777778,0.9189558744391662
PILOT-R07-R09-core_plus_sensitivity-CKSAAP_k1-logistic_regression_l2-F1,R09,core_plus_sensitivity,CKSAAP_k1,logistic_regression_l2,1,132,45,400,0.7555555555555555,0.835820895522388,0.9333333333333333,0.7567567567567568,0.75,0.41099746826339323,28,6,2,9,37,8,0.804054054054054,0.9519701382766113
PILOT-R07-R09-core_plus_sensitivity-CKSAAP_k1-logistic_regression_l2-F2,R09,core_plus_sensitivity,CKSAAP_k1,logistic_regression_l2,2,133,44,400,0.7272727272727273,0.8285714285714286,0.8529411764705882,0.8055555555555556,0.375,0.16617574758359693,29,3,5,7,36,8,0.6736111111111112,0.9007007750481202
PILOT-R07-R09-core_plus_sensitivity-CKSAAP_k1-logistic_regression_l2-F3,R09,core_plus_sensitivity,CKSAAP_k1,logistic_regression_l2,3,133,44,400,0.7727272727272727,0.8529411764705882,0.90625,0.8055555555555556,0.625,0.3728720488516333,29,5,3,7,36,8,0.7743055555555556,0.9435582107083058
PILOT-R07-R09-core_plus_sensitivity-CKSAAP_k1-logistic_regression_l2-F4,R09,core_plus_sensitivity,CKSAAP_k1,logistic_regression_l2,4,133,44,400,0.7272727272727273,0.8125,0.9285714285714286,0.7222222222222222,0.75,0.3786200927092679,26,6,2,10,36,8,0.6805555555555555,0.8521678446143842
PILOT-R07-R10-core_plus_sensitivity-CKSAAP_k1-logistic_regression_l2-F1,R10,core_plus_sensitivity,CKSAAP_k1,logistic_regression_l2,1,132,45,400,0.7555555555555555,0.8533333333333334,0.8421052631578947,0.8648648648648649,0.25,0.12116920074132286,32,2,6,5,37,8,0.7060810810810811,0.9041846991102969
PILOT-R07-R10-core_plus_sensitivity-CKSAAP_k1-logistic_regression_l2-F2,R10,core_plus_sensitivity,CKSAAP_k1,logistic_regression_l2,2,133,44,400,0.75,0.8307692307692308,0.9310344827586207,0.75,0.75,0.4068381021724862,27,6,2,9,36,8,0.7256944444444444,0.8850483415495688
PILOT-R07-R10-core_plus_sensitivity-CKSAAP_k1-logistic_regression_l2-F3,R10,core_plus_sensitivity,CKSAAP_k1,logistic_regression_l2,3,133,44,400,0.6590909090909091,0.782608695652174,0.8181818181818182,0.75,0.25,0.0,27,2,6,9,36,8,0.47916666666666663,0.8035502650687874
PILOT-R07-R10-core_plus_sensitivity-CKSAAP_k1-logistic_regression_l2-F4,R10,core_plus_sensitivity,CKSAAP_k1,logistic_regression_l2,4,133,44,400,0.7045454545454546,0.7868852459016393,0.96,0.6666666666666666,0.875,0.42177569493998257,24,7,1,12,36,8,0.8541666666666667,0.9657012854861668
PILOT-R07-R01-core_only-CKSAAP_k1-linear_svm-F1,R01,core_only,CKSAAP_k1,linear_svm,1,129,45,400,0.7777777777777778,0.8529411764705882,0.9354838709677419,0.7837837837837838,0.75,0.44082515274716033,29,6,2,8,37,8,0.7162162162162162,0.8910547145741659
PILOT-R07-R01-core_only-CKSAAP_k1-linear_svm-F2,R01,core_only,CKSAAP_k1,linear_svm,2,131,43,400,0.813953488372093,0.8823529411764706,0.9375,0.8333333333333334,0.7142857142857143,0.46334820431459367,30,5,2,6,36,7,0.75,0.9110563257068214
PILOT-R07-R01-core_only-CKSAAP_k1-linear_svm-F3,R01,core_only,CKSAAP_k1,linear_svm,3,131,43,400,0.6976744186046512,0.8059701492537313,0.8709677419354839,0.75,0.42857142857142855,0.14697408781305385,27,3,4,9,36,7,0.6468253968253967,0.8897367183825055
PILOT-R07-R01-core_only-CKSAAP_k1-linear_svm-F4,R01,core_only,CKSAAP_k1,linear_svm,4,131,43,400,0.8837209302325582,0.9295774647887324,0.9428571428571428,0.9166666666666666,0.7142857142857143,0.598573985674729,33,5,2,3,36,7,0.865079365079365,0.966185220355581
PILOT-R07-R02-core_only-CKSAAP_k1-linear_svm-F1,R02,core_only,CKSAAP_k1,linear_svm,1,130,44,400,0.8636363636363636,0.9166666666666666,0.9428571428571428,0.8918918918918919,0.7142857142857143,0.5496604555653705,33,5,2,4,37,7,0.7335907335907336,0.9062663895239331
PILOT-R07-R02-core_only-CKSAAP_k1-linear_svm-F2,R02,core_only,CKSAAP_k1,linear_svm,2,130,44,400,0.8181818181818182,0.8888888888888888,0.8888888888888888,0.8888888888888888,0.5,0.3888888888888889,32,4,4,4,36,8,0.6145833333333333,0.8130115255564693
PILOT-R07-R02-core_only-CKSAAP_k1-linear_svm-F3,R02,core_only,CKSAAP_k1,linear_svm,3,131,43,400,0.8372093023255814,0.9014084507042254,0.9142857142857143,0.8888888888888888,0.5714285714285714,0.4366954864042048,32,4,3,4,36,7,0.8214285714285714,0.9601449705763306
PILOT-R07-R02-core_only-CKSAAP_k1-linear_svm-F4,R02,core_only,CKSAAP_k1,linear_svm,4,131,43,400,0.7674418604651163,0.8484848484848485,0.9333333333333333,0.7777777777777778,0.7142857142857143,0.39553881788132556,28,5,2,8,36,7,0.8928571428571428,0.9774674033586565
PILOT-R07-R03-core_only-CKSAAP_k1-linear_svm-F1,R03,core_only,CKSAAP_k1,linear_svm,1,130,44,400,0.8181818181818182,0.8918918918918919,0.8918918918918919,0.8918918918918919,0.42857142857142855,0.3204633204633205,33,3,4,4,37,7,0.4942084942084942,0.8252361600805007
PILOT-R07-R03-core_only-CKSAAP_k1-linear_svm-F2,R03,core_only,CKSAAP_k1,linear_svm,2,130,44,400,0.8409090909090909,0.9041095890410958,0.8918918918918919,0.9166666666666666,0.5,0.4393747751637468,33,4,4,3,36,8,0.7395833333333334,0.8989784360801567
PILOT-R07-R03-core_only-CKSAAP_k1-linear_svm-F3,R03,core_only,CKSAAP_k1,linear_svm,3,131,43,400,0.8604651162790697,0.9142857142857143,0.9411764705882353,0.8888888888888888,0.7142857142857143,0.5473720332218277,32,5,2,4,36,7,0.8928571428571428,0.9805760436727244
PILOT-R07-R03-core_only-CKSAAP_k1-linear_svm-F4,R03,core_only,CKSAAP_k1,linear_svm,4,131,43,400,0.7674418604651163,0.8529411764705882,0.90625,0.8055555555555556,0.5714285714285714,0.31897158992671304,29,4,3,7,36,7,0.6785714285714286,0.9224466175716807
PILOT-R07-R04-core_only-CKSAAP_k1-linear_svm-F1,R04,core_only,CKSAAP_k1,linear_svm,1,130,44,400,0.7272727272727273,0.8285714285714286,0.8787878787878788,0.7837837837837838,0.42857142857142855,0.17937400083354382,29,3,4,8,37,7,0.6795366795366795,0.9212832044101782
PILOT-R07-R04-core_only-CKSAAP_k1-linear_svm-F2,R04,core_only,CKSAAP_k1,linear_svm,2,130,44,400,0.7727272727272727,0.8484848484848485,0.9333333333333333,0.7777777777777778,0.75,0.43704152091682436,28,6,2,8,36,8,0.8576388888888888,0.9685099810384469
PILOT-R07-R04-core_only-CKSAAP_k1-linear_svm-F3,R04,core_only,CKSAAP_k1,linear_svm,3,131,43,400,0.7674418604651163,0.8571428571428571,0.8823529411764706,0.8333333333333334,0.42857142857142855,0.2376746986357936,30,3,4,6,36,7,0.7063492063492063,0.9302020919183299
PILOT-R07-R04-core_only-CKSAAP_k1-linear_svm-F4,R04,core_only,CKSAAP_k1,linear_svm,4,131,43,400,0.7906976744186046,0.8695652173913043,0.9090909090909091,0.8333333333333334,0.5714285714285714,0.35370641089500354,30,4,3,6,36,7,0.6626984126984127,0.8672200653231662
PILOT-R07-R05-core_only-CKSAAP_k1-linear_svm-F1,R05,core_only,CKSAAP_k1,linear_svm,1,130,44,400,0.8181818181818182,0.8857142857142857,0.9393939393939394,0.8378378378378378,0.7142857142857143,0.46637240216721393,31,5,2,6,37,7,0.8378378378378377,0.9543747226950132
PILOT-R07-R05-core_only-CKSAAP_k1-linear_svm-F2,R05,core_only,CKSAAP_k1,linear_svm,2,130,44,400,0.7272727272727273,0.8333333333333334,0.8333333333333334,0.8333333333333334,0.25,0.08333333333333333,30,2,6,6,36,8,0.6319444444444444,0.9055440840203249
PILOT-R07-R05-core_only-CKSAAP_k1-linear_svm-F3,R05,core_only,CKSAAP_k1,linear_svm,3,131,43,400,0.6976744186046512,0.8115942028985508,0.8484848484848485,0.7777777777777778,0.2857142857142857,0.055483358571765264,28,2,5,8,36,7,0.6865079365079366,0.9341618066277625
PILOT-R07-R05-core_only-CKSAAP_k1-linear_svm-F4,R05,core_only,CKSAAP_k1,linear_svm,4,131,43,400,0.6976744186046512,0.8059701492537313,0.8709677419354839,0.75,0.42857142857142855,0.14697408781305385,27,3,4,9,36,7,0.6309523809523809,0.8897585841429804
PILOT-R07-R06-core_only-CKSAAP_k1-linear_svm-F1,R06,core_only,CKSAAP_k1,linear_svm,1,130,44,400,0.8636363636363636,0.918918918918919,0.918918918918919,0.918918918918919,0.5714285714285714,0.49034749034749037,34,4,3,3,37,7,0.6756756756756757,0.8725405205828594
PILOT-R07-R06-core_only-CKSAAP_k1-linear_svm-F2,R06,core_only,CKSAAP_k1,linear_svm,2,130,44,400,0.75,0.835820895522388,0.9032258064516129,0.7777777777777778,0.625,0.3404938109435677,28,5,3,8,36,8,0.75,0.8797157286417044
PILOT-R07-R06-core_only-CKSAAP_k1-linear_svm-F3,R06,core_only,CKSAAP_k1,linear_svm,3,131,43,400,0.8604651162790697,0.918918918918919,0.8947368421052632,0.9444444444444444,0.42857142857142855,0.4295866560672141,34,3,4,2,36,7,0.7023809523809524,0.9040299348643882
PILOT-R07-R06-core_only-CKSAAP_k1-linear_svm-F4,R06,core_only,CKSAAP_k1,linear_svm,4,131,43,400,0.7906976744186046,0.8695652173913043,0.9090909090909091,0.8333333333333334,0.5714285714285714,0.35370641089500354,30,4,3,6,36,7,0.7738095238095238,0.9486602402487726
PILOT-R07-R07-core_only-CKSAAP_k1-linear_svm-F1,R07,core_only,CKSAAP_k1,linear_svm,1,130,44,400,0.8636363636363636,0.9142857142857143,0.9696969696969697,0.8648648648648649,0.8571428571428571,0.609871602834049,32,6,1,5,37,7,0.9459459459459458,0.9904843787196727
PILOT-R07-R07-core_only-CKSAAP_k1-linear_svm-F2,R07,core_only,CKSAAP_k1,linear_svm,2,130,44,400,0.75,0.8450704225352113,0.8571428571428571,0.8333333333333334,0.375,0.19920476822239894,30,3,5,6,36,8,0.5798611111111112,0.8308961840282509
PILOT-R07-R07-core_only-CKSAAP_k1-linear_svm-F3,R07,core_only,CKSAAP_k1,linear_svm,3,131,43,400,0.7674418604651163,0.8529411764705882,0.90625,0.8055555555555556,0.5714285714285714,0.31897158992671304,29,4,3,7,36,7,0.7658730158730159,0.9522065890605628
PILOT-R07-R07-core_only-CKSAAP_k1-linear_svm-F4,R07,core_only,CKSAAP_k1,linear_svm,4,131,43,400,0.9302325581395349,0.958904109589041,0.9459459459459459,0.9722222222222222,0.7142857142857143,0.7314242339309042,35,5,2,1,36,7,0.9007936507936507,0.9771429831258313
PILOT-R07-R08-core_only-CKSAAP_k1-linear_svm-F1,R08,core_only,CKSAAP_k1,linear_svm,1,130,44,400,0.7272727272727273,0.8235294117647058,0.9032258064516129,0.7567567567567568,0.5714285714285714,0.26309737838023606,28,4,3,9,37,7,0.61003861003861,0.8479069206296451
PILOT-R07-R08-core_only-CKSAAP_k1-linear_svm-F2,R08,core_only,CKSAAP_k1,linear_svm,2,130,44,400,0.75,0.8307692307692308,0.9310344827586207,0.75,0.75,0.4068381021724862,27,6,2,9,36,8,0.7430555555555556,0.9325957874936548
PILOT-R07-R08-core_only-CKSAAP_k1-linear_svm-F3,R08,core_only,CKSAAP_k1,linear_svm,3,131,43,400,0.813953488372093,0.8918918918918919,0.868421052631579,0.9166666666666666,0.2857142857142857,0.23307361127050977,33,2,5,3,36,7,0.5833333333333333,0.8805285135414865
PILOT-R07-R08-core_only-CKSAAP_k1-linear_svm-F4,R08,core_only,CKSAAP_k1,linear_svm,4,131,43,400,0.6511627906976745,0.7761194029850746,0.8387096774193549,0.7222222222222222,0.2857142857142857,0.006532181680580171,26,2,5,10,36,7,0.6706349206349207,0.9334143222637781
PILOT-R07-R09-core_only-CKSAAP_k1-linear_svm-F1,R09,core_only,CKSAAP_k1,linear_svm,1,130,44,400,0.7727272727272727,0.8529411764705882,0.9354838709677419,0.7837837837837838,0.7142857142857143,0.3992889624829465,29,5,2,8,37,7,0.7374517374517375,0.9011044090063594
PILOT-R07-R09-core_only-CKSAAP_k1-linear_svm-F2,R09,core_only,CKSAAP_k1,linear_svm,2,130,44,400,0.7727272727272727,0.8611111111111112,0.8611111111111112,0.8611111111111112,0.375,0.2361111111111111,31,3,5,5,36,8,0.65625,0.8997702427885901
PILOT-R07-R09-core_only-CKSAAP_k1-linear_svm-F3,R09,core_only,CKSAAP_k1,linear_svm,3,131,43,400,0.7906976744186046,0.8656716417910447,0.9354838709677419,0.8055555555555556,0.7142857142857143,0.42785790007800123,29,5,2,7,36,7,0.8174603174603174,0.9568966000874936
PILOT-R07-R09-core_only-CKSAAP_k1-linear_svm-F4,R09,core_only,CKSAAP_k1,linear_svm,4,131,43,400,0.6046511627906976,0.7301587301587301,0.8518518518518519,0.6388888888888888,0.42857142857142855,0.05152366852794264,23,3,4,13,36,7,0.5793650793650793,0.8400291059728753
PILOT-R07-R10-core_only-CKSAAP_k1-linear_svm-F1,R10,core_only,CKSAAP_k1,linear_svm,1,130,44,400,0.7727272727272727,0.8648648648648649,0.8648648648648649,0.8648648648648649,0.2857142857142857,0.15057915057915058,32,2,5,5,37,7,0.6795366795366796,0.9012265174781329
PILOT-R07-R10-core_only-CKSAAP_k1-linear_svm-F2,R10,core_only,CKSAAP_k1,linear_svm,2,130,44,400,0.7954545454545454,0.8656716417910447,0.9354838709677419,0.8055555555555556,0.75,0.46964663578423127,29,6,2,7,36,8,0.6944444444444445,0.8632773072514248
PILOT-R07-R10-core_only-CKSAAP_k1-linear_svm-F3,R10,core_only,CKSAAP_k1,linear_svm,3,131,43,400,0.6976744186046512,0.8115942028985508,0.8484848484848485,0.7777777777777778,0.2857142857142857,0.055483358571765264,28,2,5,8,36,7,0.4920634920634921,0.8234584084471441
PILOT-R07-R10-core_only-CKSAAP_k1-linear_svm-F4,R10,core_only,CKSAAP_k1,linear_svm,4,131,43,400,0.6744186046511628,0.78125,0.8928571428571429,0.6944444444444444,0.5714285714285714,0.20594435253642612,25,4,3,11,36,7,0.6865079365079365,0.905221683905754
PILOT-R07-R01-core_plus_sensitivity-CKSAAP_k1-linear_svm-F1,R01,core_plus_sensitivity,CKSAAP_k1,linear_svm,1,132,45,400,0.7777777777777778,0.8571428571428571,0.9090909090909091,0.8108108108108109,0.625,0.3767873050126201,30,5,3,7,37,8,0.7601351351351352,0.9266362837173812
PILOT-R07-R01-core_plus_sensitivity-CKSAAP_k1-linear_svm-F2,R01,core_plus_sensitivity,CKSAAP_k1,linear_svm,2,133,44,400,0.7727272727272727,0.8529411764705882,0.90625,0.8055555555555556,0.625,0.3728720488516333,29,5,3,7,36,8,0.673611111111111,0.8625968686943023
PILOT-R07-R01-core_plus_sensitivity-CKSAAP_k1-linear_svm-F3,R01,core_plus_sensitivity,CKSAAP_k1,linear_svm,3,133,44,400,0.7045454545454546,0.8115942028985508,0.8484848484848485,0.7777777777777778,0.375,0.13608276348795434,28,3,5,8,36,8,0.65625,0.8848200989768903
PILOT-R07-R01-core_plus_sensitivity-CKSAAP_k1-linear_svm-F4,R01,core_plus_sensitivity,CKSAAP_k1,linear_svm,4,133,44,400,0.8636363636363636,0.9166666666666666,0.9166666666666666,0.9166666666666666,0.625,0.5416666666666666,33,5,3,3,36,8,0.84375,0.9575138181371716
PILOT-R07-R02-core_plus_sensitivity-CKSAAP_k1-linear_svm-F1,R02,core_plus_sensitivity,CKSAAP_k1,linear_svm,1,132,45,400,0.8222222222222222,0.8857142857142857,0.9393939393939394,0.8378378378378378,0.75,0.5082247369937667,31,6,2,6,37,8,0.7567567567567568,0.9028772445273912
PILOT-R07-R02-core_plus_sensitivity-CKSAAP_k1-linear_svm-F2,R02,core_plus_sensitivity,CKSAAP_k1,linear_svm,2,133,44,400,0.8409090909090909,0.9041095890410958,0.8918918918918919,0.9166666666666666,0.5,0.4393747751637468,33,4,4,3,36,8,0.6215277777777778,0.8314372923929947
PILOT-R07-R02-core_plus_sensitivity-CKSAAP_k1-linear_svm-F3,R02,core_plus_sensitivity,CKSAAP_k1,linear_svm,3,133,44,400,0.7954545454545454,0.8732394366197183,0.8857142857142857,0.8611111111111112,0.5,0.34528826491882486,31,4,4,5,36,8,0.7465277777777777,0.9313299332832751
PILOT-R07-R02-core_plus_sensitivity-CKSAAP_k1-linear_svm-F4,R02,core_plus_sensitivity,CKSAAP_k1,linear_svm,4,133,44,400,0.75,0.8307692307692308,0.9310344827586207,0.75,0.75,0.4068381021724862,27,6,2,9,36,8,0.8611111111111112,0.968405169575772
PILOT-R07-R03-core_plus_sensitivity-CKSAAP_k1-linear_svm-F1,R03,core_plus_sensitivity,CKSAAP_k1,linear_svm,1,132,45,400,0.8,0.88,0.868421052631579,0.8918918918918919,0.375,0.28154020172248545,33,3,5,4,37,8,0.5337837837837838,0.8048362915911356
PILOT-R07-R03-core_plus_sensitivity-CKSAAP_k1-linear_svm-F2,R03,core_plus_sensitivity,CKSAAP_k1,linear_svm,2,133,44,400,0.8409090909090909,0.9041095890410958,0.8918918918918919,0.9166666666666666,0.5,0.4393747751637468,33,4,4,3,36,8,0.7395833333333334,0.8993406842932821
PILOT-R07-R03-core_plus_sensitivity-CKSAAP_k1-linear_svm-F3,R03,core_plus_sensitivity,CKSAAP_k1,linear_svm,3,133,44,400,0.8636363636363636,0.9142857142857143,0.9411764705882353,0.8888888888888888,0.75,0.5880064914496507,32,6,2,4,36,8,0.8472222222222222,0.9619834574806039
PILOT-R07-R03-core_plus_sensitivity-CKSAAP_k1-linear_svm-F4,R03,core_plus_sensitivity,CKSAAP_k1,linear_svm,4,133,44,400,0.7954545454545454,0.8695652173913043,0.9090909090909091,0.8333333333333334,0.625,0.408248290463863,30,5,3,6,36,8,0.7118055555555556,0.9239629882781281
PILOT-R07-R04-core_plus_sensitivity-CKSAAP_k1-linear_svm-F1,R04,core_plus_sensitivity,CKSAAP_k1,linear_svm,1,132,45,400,0.7333333333333333,0.8285714285714286,0.8787878787878788,0.7837837837837838,0.5,0.24534987303147354,29,4,4,8,37,8,0.7567567567567567,0.9403893365022435
PILOT-R07-R04-core_plus_sensitivity-CKSAAP_k1-linear_svm-F2,R04,core_plus_sensitivity,CKSAAP_k1,linear_svm,2,133,44,400,0.7045454545454546,0.7936507936507936,0.9259259259259259,0.6944444444444444,0.75,0.35205245972503973,25,6,2,11,36,8,0.8298611111111112,0.9618003220603352
PILOT-R07-R04-core_plus_sensitivity-CKSAAP_k1-linear_svm-F3,R04,core_plus_sensitivity,CKSAAP_k1,linear_svm,3,133,44,400,0.8181818181818182,0.8857142857142857,0.9117647058823529,0.8611111111111112,0.625,0.44739624349429946,31,5,3,5,36,8,0.7256944444444444,0.9270871098649793
PILOT-R07-R04-core_plus_sensitivity-CKSAAP_k1-linear_svm-F4,R04,core_plus_sensitivity,CKSAAP_k1,linear_svm,4,133,44,400,0.7954545454545454,0.8695652173913043,0.9090909090909091,0.8333333333333334,0.625,0.408248290463863,30,5,3,6,36,8,0.704861111111111,0.8832015280742985
PILOT-R07-R05-core_plus_sensitivity-CKSAAP_k1-linear_svm-F1,R05,core_plus_sensitivity,CKSAAP_k1,linear_svm,1,132,45,400,0.7777777777777778,0.8571428571428571,0.9090909090909091,0.8108108108108109,0.625,0.3767873050126201,30,5,3,7,37,8,0.8006756756756757,0.9460117203039544
PILOT-R07-R05-core_plus_sensitivity-CKSAAP_k1-linear_svm-F2,R05,core_plus_sensitivity,CKSAAP_k1,linear_svm,2,133,44,400,0.7045454545454546,0.8115942028985508,0.8484848484848485,0.7777777777777778,0.375,0.13608276348795434,28,3,5,8,36,8,0.6909722222222222,0.9194925879773197
PILOT-R07-R05-core_plus_sensitivity-CKSAAP_k1-linear_svm-F3,R05,core_plus_sensitivity,CKSAAP_k1,linear_svm,3,133,44,400,0.6818181818181818,0.8,0.8235294117647058,0.7777777777777778,0.25,0.025565499628245683,28,2,6,8,36,8,0.65625,0.9189748005850027
PILOT-R07-R05-core_plus_sensitivity-CKSAAP_k1-linear_svm-F4,R05,core_plus_sensitivity,CKSAAP_k1,linear_svm,4,133,44,400,0.6590909090909091,0.7761194029850746,0.8387096774193549,0.7222222222222222,0.375,0.08218816126224048,26,3,5,10,36,8,0.6388888888888888,0.890565132706083
PILOT-R07-R06-core_plus_sensitivity-CKSAAP_k1-linear_svm-F1,R06,core_plus_sensitivity,CKSAAP_k1,linear_svm,1,132,45,400,0.8444444444444444,0.9014084507042254,0.9411764705882353,0.8648648648648649,0.75,0.5470030291672947,32,6,2,5,37,8,0.7533783783783784,0.9000804048884463
PILOT-R07-R06-core_plus_sensitivity-CKSAAP_k1-linear_svm-F2,R06,core_plus_sensitivity,CKSAAP_k1,linear_svm,2,133,44,400,0.7045454545454546,0.8,0.896551724137931,0.7222222222222222,0.625,0.2825264598420043,26,5,3,10,36,8,0.7708333333333333,0.88840053457345
PILOT-R07-R06-core_plus_sensitivity-CKSAAP_k1-linear_svm-F3,R06,core_plus_sensitivity,CKSAAP_k1,linear_svm,3,133,44,400,0.8181818181818182,0.8888888888888888,0.8888888888888888,0.8888888888888888,0.5,0.3888888888888889,32,4,4,4,36,8,0.6805555555555556,0.8806244343111486
PILOT-R07-R06-core_plus_sensitivity-CKSAAP_k1-linear_svm-F4,R06,core_plus_sensitivity,CKSAAP_k1,linear_svm,4,133,44,400,0.7045454545454546,0.8,0.896551724137931,0.7222222222222222,0.625,0.2825264598420043,26,5,3,10,36,8,0.795138888888889,0.9525020186074595
PILOT-R07-R07-core_plus_sensitivity-CKSAAP_k1-linear_svm-F1,R07,core_plus_sensitivity,CKSAAP_k1,linear_svm,1,132,45,400,0.8888888888888888,0.9295774647887324,0.9705882352941176,0.8918918918918919,0.875,0.682251030884483,33,7,1,4,37,8,0.9425675675675677,0.9878134009858881
PILOT-R07-R07-core_plus_sensitivity-CKSAAP_k1-linear_svm-F2,R07,core_plus_sensitivity,CKSAAP_k1,linear_svm,2,133,44,400,0.75,0.8450704225352113,0.8571428571428571,0.8333333333333334,0.375,0.19920476822239894,30,3,5,6,36,8,0.5694444444444444,0.8378070903876867
PILOT-R07-R07-core_plus_sensitivity-CKSAAP_k1-linear_svm-F3,R07,core_plus_sensitivity,CKSAAP_k1,linear_svm,3,133,44,400,0.7727272727272727,0.8529411764705882,0.90625,0.8055555555555556,0.625,0.3728720488516333,29,5,3,7,36,8,0.7951388888888888,0.9545136590858656
PILOT-R07-R07-core_plus_sensitivity-CKSAAP_k1-linear_svm-F4,R07,core_plus_sensitivity,CKSAAP_k1,linear_svm,4,133,44,400,0.8863636363636364,0.9315068493150684,0.918918918918919,0.9444444444444444,0.625,0.6004788593904539,34,5,3,2,36,8,0.8263888888888888,0.9518204935880202
PILOT-R07-R08-core_plus_sensitivity-CKSAAP_k1-linear_svm-F1,R08,core_plus_sensitivity,CKSAAP_k1,linear_svm,1,132,45,400,0.7333333333333333,0.8235294117647058,0.9032258064516129,0.7567567567567568,0.625,0.31527368519258936,28,5,3,9,37,8,0.6587837837837838,0.8604237217124661
PILOT-R07-R08-core_plus_sensitivity-CKSAAP_k1-linear_svm-F2,R08,core_plus_sensitivity,CKSAAP_k1,linear_svm,2,133,44,400,0.7272727272727273,0.8125,0.9285714285714286,0.7222222222222222,0.75,0.3786200927092679,26,6,2,10,36,8,0.7256944444444444,0.9298701455510271
PILOT-R07-R08-core_plus_sensitivity-CKSAAP_k1-linear_svm-F3,R08,core_plus_sensitivity,CKSAAP_k1,linear_svm,3,133,44,400,0.8181818181818182,0.8918918918918919,0.868421052631579,0.9166666666666666,0.375,0.3278050340535929,33,3,5,3,36,8,0.6111111111111112,0.8637779481326695
PILOT-R07-R08-core_plus_sensitivity-CKSAAP_k1-linear_svm-F4,R08,core_plus_sensitivity,CKSAAP_k1,linear_svm,4,133,44,400,0.6363636363636364,0.7575757575757576,0.8333333333333334,0.6944444444444444,0.375,0.05750546327852952,25,3,5,11,36,8,0.6701388888888888,0.923605474668828
PILOT-R07-R09-core_plus_sensitivity-CKSAAP_k1-linear_svm-F1,R09,core_plus_sensitivity,CKSAAP_k1,linear_svm,1,132,45,400,0.7777777777777778,0.8529411764705882,0.9354838709677419,0.7837837837837838,0.75,0.44082515274716033,29,6,2,8,37,8,0.7567567567567568,0.9147921905551852
PILOT-R07-R09-core_plus_sensitivity-CKSAAP_k1-linear_svm-F2,R09,core_plus_sensitivity,CKSAAP_k1,linear_svm,2,133,44,400,0.75,0.8493150684931506,0.8378378378378378,0.8611111111111112,0.25,0.11716660671033247,31,2,6,5,36,8,0.6388888888888888,0.8965404592514754
PILOT-R07-R09-core_plus_sensitivity-CKSAAP_k1-linear_svm-F3,R09,core_plus_sensitivity,CKSAAP_k1,linear_svm,3,133,44,400,0.7727272727272727,0.8529411764705882,0.90625,0.8055555555555556,0.625,0.3728720488516333,29,5,3,7,36,8,0.78125,0.9428226965737003
PILOT-R07-R09-core_plus_sensitivity-CKSAAP_k1-linear_svm-F4,R09,core_plus_sensitivity,CKSAAP_k1,linear_svm,4,133,44,400,0.6363636363636364,0.75,0.8571428571428571,0.6666666666666666,0.5,0.1336306209562122,24,4,4,12,36,8,0.6145833333333333,0.8362021234489766
PILOT-R07-R10-core_plus_sensitivity-CKSAAP_k1-linear_svm-F1,R10,core_plus_sensitivity,CKSAAP_k1,linear_svm,1,132,45,400,0.7555555555555555,0.8533333333333334,0.8421052631578947,0.8648648648648649,0.25,0.12116920074132286,32,2,6,5,37,8,0.6452702702702702,0.8834487347965398
PILOT-R07-R10-core_plus_sensitivity-CKSAAP_k1-linear_svm-F2,R10,core_plus_sensitivity,CKSAAP_k1,linear_svm,2,133,44,400,0.7954545454545454,0.8656716417910447,0.9354838709677419,0.8055555555555556,0.75,0.46964663578423127,29,6,2,7,36,8,0.7083333333333334,0.8669962179775479
PILOT-R07-R10-core_plus_sensitivity-CKSAAP_k1-linear_svm-F3,R10,core_plus_sensitivity,CKSAAP_k1,linear_svm,3,133,44,400,0.6818181818181818,0.8,0.8235294117647058,0.7777777777777778,0.25,0.025565499628245683,28,2,6,8,36,8,0.4895833333333333,0.8119221814148374
PILOT-R07-R10-core_plus_sensitivity-CKSAAP_k1-linear_svm-F4,R10,core_plus_sensitivity,CKSAAP_k1,linear_svm,4,133,44,400,0.6590909090909091,0.7619047619047619,0.8888888888888888,0.6666666666666666,0.625,0.23103442669455732,24,5,3,12,36,8,0.6805555555555555,0.8903636205799265
