model,split_family,analysis_branch,metric,n_pairs,aac_mean,plm_mean,delta_mean,delta_sd,delta_bootstrap_ci_low,delta_bootstrap_ci_high,paired_test,p_value
LR_L2,random_cv_R1_R10,core_only,mcc,10,0.24575493815863808,0.30443572915372696,0.05868079099508887,0.08748561204633389,0.0059393768970335435,0.10882465531674697,paired_wilcoxon_replicate_level_two_sided,0.064453125
LR_L2,random_cv_R1_R10,core_only,specificity,10,0.6044642857142858,0.5741071428571429,-0.03035714285714288,0.08354034661450511,-0.07946428571428574,0.018303571428571398,paired_wilcoxon_replicate_level_two_sided,0.3203125
LR_L2,random_cv_R1_R10,core_only,sensitivity,10,0.7046921921921923,0.7867492492492493,0.08205705705705706,0.03362733954882989,0.06212462462462463,0.10148273273273274,paired_wilcoxon_replicate_level_two_sided,0.001953125
LR_L2,random_cv_R1_R10,core_only,auroc,10,0.720064873981124,0.7641074109824109,0.04404253700128698,0.0509625335622659,0.01263429724367222,0.0725495608108108,paired_wilcoxon_replicate_level_two_sided,0.01953125
LR_L2,random_cv_R1_R10,core_only,auprc,10,0.9331252582566865,0.9409060109220004,0.00778075266531395,0.017607572886682174,-0.002964054238490732,0.017601440496052567,paired_wilcoxon_replicate_level_two_sided,0.322265625
LR_L2,random_cv_R1_R10,core_only,f1,10,0.787317434993913,0.8394516282000121,0.05213419320609884,0.026521412306886233,0.03644011564896763,0.06752238922954865,paired_wilcoxon_replicate_level_two_sided,0.001953125
LR_L2,random_cv_R1_R10,sensplus,mcc,10,0.25301980365644666,0.2932341999384874,0.04021439628204078,0.10244934895124277,-0.020187889081014692,0.09981438199994083,paired_wilcoxon_replicate_level_two_sided,0.232421875
LR_L2,random_cv_R1_R10,sensplus,specificity,10,0.625,0.571875,-0.053125,0.11126833494355487,-0.11875,0.0125,paired_wilcoxon_replicate_level_two_sided,0.15234375
LR_L2,random_cv_R1_R10,sensplus,sensitivity,10,0.686843093093093,0.7715840840840842,0.08474099099099101,0.03383012360565781,0.06463963963963965,0.10429851726726717,paired_wilcoxon_replicate_level_two_sided,0.001953125
LR_L2,random_cv_R1_R10,sensplus,auroc,10,0.7092905405405404,0.7533150337837837,0.04402449324324326,0.045872407510877365,0.01569538288288287,0.06936714057807812,paired_wilcoxon_replicate_level_two_sided,0.02734375
LR_L2,random_cv_R1_R10,sensplus,auprc,10,0.924883394096236,0.9325335162084348,0.007650122112198609,0.016998643799909098,-0.002862338552773512,0.016995786435874738,paired_wilcoxon_replicate_level_two_sided,0.232421875
LR_L2,random_cv_R1_R10,sensplus,f1,10,0.7734613681364406,0.8261543064089635,0.052692938272522784,0.027817787161959248,0.036297258404486964,0.06907939234499968,paired_wilcoxon_replicate_level_two_sided,0.00390625
LinearSVM,random_cv_R1_R10,core_only,mcc,10,0.28546064110226643,0.2856475547961944,0.0001869136939279481,0.0958874959315325,-0.056538553934598355,0.05586402657747842,paired_wilcoxon_replicate_level_two_sided,1.0
LinearSVM,random_cv_R1_R10,core_only,specificity,10,0.6638392857142856,0.465625,-0.19821428571428573,0.0932217734023612,-0.25357142857142856,-0.14464285714285716,paired_wilcoxon_replicate_level_two_sided,0.001953125
LinearSVM,random_cv_R1_R10,core_only,sensitivity,10,0.7012575075075075,0.843993993993994,0.14273648648648649,0.030929231419808717,0.12426801801801805,0.16058558558558558,paired_wilcoxon_replicate_level_two_sided,0.001953125
LinearSVM,random_cv_R1_R10,core_only,auroc,10,0.7351183773058774,0.7466129075504075,0.011494530244530255,0.04887971645748377,-0.017821616259116248,0.03908984877734874,paired_wilcoxon_replicate_level_two_sided,0.4921875
LinearSVM,random_cv_R1_R10,core_only,auprc,10,0.9387041321893465,0.9345659223343841,-0.0041382098549623825,0.018991920264778674,-0.015954119697785943,0.006282884071043315,paired_wilcoxon_replicate_level_two_sided,0.76953125
LinearSVM,random_cv_R1_R10,core_only,f1,10,0.7906730459236337,0.8646922849576321,0.07401923903399829,0.02311135036206891,0.060465509703454524,0.08748390046406171,paired_wilcoxon_replicate_level_two_sided,0.001953125
LinearSVM,random_cv_R1_R10,sensplus,mcc,10,0.27135375360486264,0.2814646994307769,0.010110945825914281,0.10029096957871814,-0.047579665851226145,0.06933063865338063,paired_wilcoxon_replicate_level_two_sided,0.625
LinearSVM,random_cv_R1_R10,sensplus,specificity,10,0.65625,0.48125,-0.175,0.09682458365518543,-0.23125,-0.115625,paired_wilcoxon_replicate_level_two_sided,0.00390625
LinearSVM,random_cv_R1_R10,sensplus,sensitivity,10,0.6828078078078079,0.8267454954954955,0.14393768768768772,0.0319113779767924,0.12462462462462462,0.1619181681681682,paired_wilcoxon_replicate_level_two_sided,0.001953125
LinearSVM,random_cv_R1_R10,sensplus,auroc,10,0.7278035848348348,0.7409792605105106,0.01317567567567568,0.052648890661699886,-0.017926578922672673,0.04360454204204204,paired_wilcoxon_replicate_level_two_sided,0.556640625
LinearSVM,random_cv_R1_R10,sensplus,auprc,10,0.9324261336884311,0.9271585549859639,-0.005267578702467202,0.019805309549730865,-0.017067504455523585,0.006158577547177057,paired_wilcoxon_replicate_level_two_sided,0.556640625
LinearSVM,random_cv_R1_R10,sensplus,f1,10,0.7750341975901206,0.8512107747221176,0.07617657713199696,0.026165613240659556,0.060745273202276545,0.09136259571532816,paired_wilcoxon_replicate_level_two_sided,0.001953125
LR_L2,r02a_sequence_cluster_hard_split,sensplus,mcc,4,0.142282566309833,0.0719235658251367,-0.0703590004846963,0.0330956305745963,-0.0941227949245778,-0.038442089063612,descriptive_only_n_lt_10,
LR_L2,r02a_sequence_cluster_hard_split,sensplus,specificity,4,0.5,0.34375,-0.15625,0.1196783884695422,-0.25,-0.0625,descriptive_only_n_lt_10,
LR_L2,r02a_sequence_cluster_hard_split,sensplus,sensitivity,4,0.6756756756756757,0.7374249249249248,0.0617492492492492,0.0758701022376713,0.0,0.1234984984984984,descriptive_only_n_lt_10,
LR_L2,r02a_sequence_cluster_hard_split,sensplus,auroc,4,0.636378566066066,0.6410707582582583,0.0046921921921922,0.0868492200058194,-0.0694444444444444,0.0788288288288288,descriptive_only_n_lt_10,
LR_L2,r02a_sequence_cluster_hard_split,sensplus,auprc,4,0.9021188654659004,0.9050264738017124,0.0029076083358118,0.024093007594246,-0.0165146061183321,0.0223298227899557,descriptive_only_n_lt_10,
LR_L2,r02a_sequence_cluster_hard_split,sensplus,f1,4,0.7537508234519104,0.7822309286257152,0.0284801051738048,0.0448890702674793,-0.0069035067810327,0.0638637171286424,descriptive_only_n_lt_10,
LinearSVM,r02a_sequence_cluster_hard_split,sensplus,mcc,4,0.1041125055314935,0.1155852624168649,0.0114727568853713,0.0917505742118415,-0.0614302152200346,0.1000132374806647,descriptive_only_n_lt_10,
LinearSVM,r02a_sequence_cluster_hard_split,sensplus,specificity,4,0.46875,0.3125,-0.15625,0.0625,-0.21875,-0.125,descriptive_only_n_lt_10,
LinearSVM,r02a_sequence_cluster_hard_split,sensplus,sensitivity,4,0.6548423423423424,0.8063063063063063,0.1514639639639639,0.106934555632768,0.0681306306306306,0.2361111111111111,descriptive_only_n_lt_10,
LinearSVM,r02a_sequence_cluster_hard_split,sensplus,auroc,4,0.623170045045045,0.6558511636636637,0.0326811186186185,0.0716836087488092,-0.0208333333333333,0.0946180555555555,descriptive_only_n_lt_10,
LinearSVM,r02a_sequence_cluster_hard_split,sensplus,auprc,4,0.895121827305388,0.9107263044854408,0.0156044771800527,0.0261601778630886,0.0011762409111899,0.0414350281931067,descriptive_only_n_lt_10,
LinearSVM,r02a_sequence_cluster_hard_split,sensplus,f1,4,0.7333820812807882,0.8228700473637937,0.0894879660830054,0.0757498071002082,0.0295988258317025,0.154880930070679,descriptive_only_n_lt_10,
LR_L2,r02a_sequence_cluster_hard_split,core_only,mcc,4,0.1384125022389649,0.1024346772261283,-0.0359778250128366,0.0974037565462307,-0.1193820621337349,0.0474264121080616,descriptive_only_n_lt_10,
LR_L2,r02a_sequence_cluster_hard_split,core_only,specificity,4,0.4955357142857142,0.3526785714285714,-0.1428571428571428,0.1166423687039608,-0.2499999999999999,-0.0357142857142857,descriptive_only_n_lt_10,
LR_L2,r02a_sequence_cluster_hard_split,core_only,sensitivity,4,0.6895645645645646,0.7719594594594595,0.0823948948948948,0.0870663203122844,0.0129504504504504,0.1509009009009008,descriptive_only_n_lt_10,
LR_L2,r02a_sequence_cluster_hard_split,core_only,auroc,4,0.6325544294294294,0.6419455169455169,0.0093910875160875,0.1041446826183693,-0.0753968253968253,0.0941790004290004,descriptive_only_n_lt_10,
LR_L2,r02a_sequence_cluster_hard_split,core_only,auprc,4,0.9039961211599584,0.9095412970090542,0.0055451758490956,0.0269430097033863,-0.0193823583422029,0.0239411915714525,descriptive_only_n_lt_10,
LR_L2,r02a_sequence_cluster_hard_split,core_only,f1,4,0.7658705022895462,0.8104448846321675,0.0445743823426211,0.0573799922514962,-0.0044237012987013,0.0877075729102671,descriptive_only_n_lt_10,
LinearSVM,r02a_sequence_cluster_hard_split,core_only,mcc,4,0.1698657547790571,0.1558576076363613,-0.0140081471426957,0.0981330893895639,-0.0925750219238394,0.0645587276384478,descriptive_only_n_lt_10,
LinearSVM,r02a_sequence_cluster_hard_split,core_only,specificity,4,0.5580357142857142,0.3482142857142857,-0.2098214285714285,0.0879362303731795,-0.2857142857142857,-0.1339285714285714,descriptive_only_n_lt_10,
LinearSVM,r02a_sequence_cluster_hard_split,core_only,sensitivity,4,0.6619744744744744,0.8203828828828829,0.1584084084084084,0.040266190667303,0.125,0.1918168168168168,descriptive_only_n_lt_10,
LinearSVM,r02a_sequence_cluster_hard_split,core_only,auroc,4,0.6099146021021021,0.6489536411411412,0.039039039039039,0.1127559981389793,-0.0515873015873015,0.1296653796653796,descriptive_only_n_lt_10,
LinearSVM,r02a_sequence_cluster_hard_split,core_only,auprc,4,0.8936986959785288,0.9141755700010498,0.020476874022521,0.0451527762793486,-0.0149401483915357,0.0639977599710466,descriptive_only_n_lt_10,
LinearSVM,r02a_sequence_cluster_hard_split,core_only,f1,4,0.7534617867717448,0.8401190535299538,0.086657266758209,0.0300357552138595,0.0614646904969485,0.1118498430194695,descriptive_only_n_lt_10,
