run_id,feature,model_id,model_family,split_family,analysis_branch,replicate_id,fold_id,threshold,train_n,test_n,train_pos,train_neg,test_pos,test_neg,mcc,auroc,auprc,f1,precision,sensitivity,specificity,tp,tn,fp,fn
PLM_ESM2_LR_L2_r02a_sequence_cluster_hard_split_sensplus_R02A_fold1,ESM2_frozen_embedding,ESM2_LR_L2,LogisticRegression,r02a_sequence_cluster_hard_split,sensplus,R02A,1,0.5,132,45,108,24,37,8,0.3767873050126201,0.8108108108108109,0.9523559103132984,0.8571428571428571,0.9090909090909091,0.8108108108108109,0.625,30,5,3,7
PLM_ESM2_LR_L2_r02a_sequence_cluster_hard_split_sensplus_R02A_fold2,ESM2_frozen_embedding,ESM2_LR_L2,LogisticRegression,r02a_sequence_cluster_hard_split,sensplus,R02A,2,0.5,133,44,109,24,36,8,-0.17611748841908673,0.47916666666666663,0.8554638037730261,0.7164179104477612,0.7741935483870968,0.6666666666666666,0.125,24,1,7,12
PLM_ESM2_LR_L2_r02a_sequence_cluster_hard_split_sensplus_R02A_fold3,ESM2_frozen_embedding,ESM2_LR_L2,LogisticRegression,r02a_sequence_cluster_hard_split,sensplus,R02A,3,0.5,133,44,109,24,36,8,0.053121271525973054,0.7083333333333334,0.9332774467380379,0.8169014084507042,0.8285714285714286,0.8055555555555556,0.25,29,2,6,7
PLM_ESM2_LR_L2_r02a_sequence_cluster_hard_split_sensplus_R02A_fold4,ESM2_frozen_embedding,ESM2_LR_L2,LogisticRegression,r02a_sequence_cluster_hard_split,sensplus,R02A,4,0.5,133,44,109,24,36,8,0.03390317518104052,0.5659722222222223,0.8790087343824866,0.7384615384615385,0.8275862068965517,0.6666666666666666,0.375,24,3,5,12
PLM_ESM2_LR_L2_random_cv_R1_R10_core_only_R01_fold1,ESM2_frozen_embedding,ESM2_LR_L2,LogisticRegression,random_cv_R1_R10,core_only,R01,1,0.5,129,45,108,21,37,8,0.17087668565033,0.8141891891891893,0.958809373156327,0.8333333333333334,0.8571428571428571,0.8108108108108109,0.375,30,3,5,7
PLM_ESM2_LR_L2_random_cv_R1_R10_core_only_R01_fold2,ESM2_frozen_embedding,ESM2_LR_L2,LogisticRegression,random_cv_R1_R10,core_only,R01,2,0.5,131,43,109,22,36,7,0.31897158992671304,0.8531746031746031,0.9680557574278645,0.8529411764705882,0.90625,0.8055555555555556,0.5714285714285714,29,4,3,7
PLM_ESM2_LR_L2_random_cv_R1_R10_core_only_R01_fold3,ESM2_frozen_embedding,ESM2_LR_L2,LogisticRegression,random_cv_R1_R10,core_only,R01,3,0.5,131,43,109,22,36,7,0.2874159939455275,0.7777777777777778,0.9505411936520204,0.835820895522388,0.9032258064516129,0.7777777777777778,0.5714285714285714,28,4,3,8
PLM_ESM2_LR_L2_random_cv_R1_R10_core_only_R01_fold4,ESM2_frozen_embedding,ESM2_LR_L2,LogisticRegression,random_cv_R1_R10,core_only,R01,4,0.5,131,43,109,22,36,7,0.2748169871336806,0.7658730158730159,0.9423087139002656,0.8732394366197183,0.8857142857142857,0.8611111111111112,0.42857142857142855,31,3,4,5
PLM_ESM2_LR_L2_random_cv_R1_R10_core_only_R02_fold1,ESM2_frozen_embedding,ESM2_LR_L2,LogisticRegression,random_cv_R1_R10,core_only,R02,1,0.5,130,44,108,22,37,7,0.06065731251599021,0.7027027027027027,0.9359255513212716,0.8169014084507042,0.8529411764705882,0.7837837837837838,0.2857142857142857,29,2,5,8
PLM_ESM2_LR_L2_random_cv_R1_R10_core_only_R02_fold2,ESM2_frozen_embedding,ESM2_LR_L2,LogisticRegression,random_cv_R1_R10,core_only,R02,2,0.5,130,44,109,21,36,8,0.2825264598420043,0.8159722222222223,0.9534528346960232,0.8,0.896551724137931,0.7222222222222222,0.625,26,5,3,10
PLM_ESM2_LR_L2_random_cv_R1_R10_core_only_R02_fold3,ESM2_frozen_embedding,ESM2_LR_L2,LogisticRegression,random_cv_R1_R10,core_only,R02,3,0.5,131,43,109,22,36,7,0.25837616329344654,0.7817460317460316,0.9444051969057342,0.8181818181818182,0.9,0.75,0.5714285714285714,27,4,3,9
PLM_ESM2_LR_L2_random_cv_R1_R10_core_only_R02_fold4,ESM2_frozen_embedding,ESM2_LR_L2,LogisticRegression,random_cv_R1_R10,core_only,R02,4,0.5,131,43,109,22,36,7,0.2874159939455275,0.75,0.9454514466554326,0.835820895522388,0.9032258064516129,0.7777777777777778,0.5714285714285714,28,4,3,8
PLM_ESM2_LR_L2_random_cv_R1_R10_core_only_R03_fold1,ESM2_frozen_embedding,ESM2_LR_L2,LogisticRegression,random_cv_R1_R10,core_only,R03,1,0.5,130,44,108,22,37,7,0.2782706909370396,0.8687258687258688,0.9743746464999752,0.8767123287671232,0.8888888888888888,0.8648648648648649,0.42857142857142855,32,3,4,5
PLM_ESM2_LR_L2_random_cv_R1_R10_core_only_R03_fold2,ESM2_frozen_embedding,ESM2_LR_L2,LogisticRegression,random_cv_R1_R10,core_only,R03,2,0.5,130,44,109,21,36,8,0.44739624349429946,0.7083333333333333,0.9100014383359684,0.8857142857142857,0.9117647058823529,0.8611111111111112,0.625,31,5,3,5
PLM_ESM2_LR_L2_random_cv_R1_R10_core_only_R03_fold3,ESM2_frozen_embedding,ESM2_LR_L2,LogisticRegression,random_cv_R1_R10,core_only,R03,3,0.5,131,43,109,22,36,7,0.6519294632182419,0.8968253968253967,0.9763703283831812,0.927536231884058,0.9696969696969697,0.8888888888888888,0.8571428571428571,32,6,1,4
PLM_ESM2_LR_L2_random_cv_R1_R10_core_only_R03_fold4,ESM2_frozen_embedding,ESM2_LR_L2,LogisticRegression,random_cv_R1_R10,core_only,R03,4,0.5,131,43,109,22,36,7,0.14697408781305385,0.7738095238095237,0.9514994211281913,0.8059701492537313,0.8709677419354839,0.75,0.42857142857142855,27,3,4,9
PLM_ESM2_LR_L2_random_cv_R1_R10_core_only_R04_fold1,ESM2_frozen_embedding,ESM2_LR_L2,LogisticRegression,random_cv_R1_R10,core_only,R04,1,0.5,130,44,108,22,37,7,0.3572041737052757,0.7258687258687259,0.9345131271613616,0.8732394366197183,0.9117647058823529,0.8378378378378378,0.5714285714285714,31,4,3,6
PLM_ESM2_LR_L2_random_cv_R1_R10_core_only_R04_fold2,ESM2_frozen_embedding,ESM2_LR_L2,LogisticRegression,random_cv_R1_R10,core_only,R04,2,0.5,130,44,109,21,36,8,0.43704152091682436,0.8715277777777778,0.9719741987831219,0.8484848484848485,0.9333333333333333,0.7777777777777778,0.75,28,6,2,8
PLM_ESM2_LR_L2_random_cv_R1_R10_core_only_R04_fold3,ESM2_frozen_embedding,ESM2_LR_L2,LogisticRegression,random_cv_R1_R10,core_only,R04,3,0.5,131,43,109,22,36,7,0.36578220582351284,0.7777777777777778,0.9463622844641645,0.8307692307692308,0.9310344827586207,0.75,0.7142857142857143,27,5,2,9
PLM_ESM2_LR_L2_random_cv_R1_R10_core_only_R04_fold4,ESM2_frozen_embedding,ESM2_LR_L2,LogisticRegression,random_cv_R1_R10,core_only,R04,4,0.5,131,43,109,22,36,7,0.35370641089500354,0.7857142857142857,0.9506633318479908,0.8695652173913043,0.9090909090909091,0.8333333333333334,0.5714285714285714,30,4,3,6
PLM_ESM2_LR_L2_random_cv_R1_R10_core_only_R05_fold1,ESM2_frozen_embedding,ESM2_LR_L2,LogisticRegression,random_cv_R1_R10,core_only,R05,1,0.5,130,44,108,22,37,7,0.17937400083354382,0.8262548262548263,0.9653953020957367,0.8285714285714286,0.8787878787878788,0.7837837837837838,0.42857142857142855,29,3,4,8
PLM_ESM2_LR_L2_random_cv_R1_R10_core_only_R05_fold2,ESM2_frozen_embedding,ESM2_LR_L2,LogisticRegression,random_cv_R1_R10,core_only,R05,2,0.5,130,44,109,21,36,8,0.15821481751152242,0.6979166666666666,0.9192485670953221,0.7692307692307693,0.8620689655172413,0.6944444444444444,0.5,25,4,4,11
PLM_ESM2_LR_L2_random_cv_R1_R10_core_only_R05_fold3,ESM2_frozen_embedding,ESM2_LR_L2,LogisticRegression,random_cv_R1_R10,core_only,R05,3,0.5,131,43,109,22,36,7,0.14697408781305385,0.44841269841269843,0.8269544604071001,0.8059701492537313,0.8709677419354839,0.75,0.42857142857142855,27,3,4,9
PLM_ESM2_LR_L2_random_cv_R1_R10_core_only_R05_fold4,ESM2_frozen_embedding,ESM2_LR_L2,LogisticRegression,random_cv_R1_R10,core_only,R05,4,0.5,131,43,109,22,36,7,0.35370641089500354,0.8492063492063491,0.971152095115675,0.8695652173913043,0.9090909090909091,0.8333333333333334,0.5714285714285714,30,4,3,6
PLM_ESM2_LR_L2_random_cv_R1_R10_core_only_R06_fold1,ESM2_frozen_embedding,ESM2_LR_L2,LogisticRegression,random_cv_R1_R10,core_only,R06,1,0.5,130,44,108,22,37,7,0.5054776042999184,0.8803088803088803,0.9766918695279161,0.9014084507042254,0.9411764705882353,0.8648648648648649,0.7142857142857143,32,5,2,5
PLM_ESM2_LR_L2_random_cv_R1_R10_core_only_R06_fold2,ESM2_frozen_embedding,ESM2_LR_L2,LogisticRegression,random_cv_R1_R10,core_only,R06,2,0.5,130,44,109,21,36,8,0.34528826491882486,0.6666666666666666,0.9032699603250967,0.8732394366197183,0.8857142857142857,0.8611111111111112,0.5,31,4,4,5
PLM_ESM2_LR_L2_random_cv_R1_R10_core_only_R06_fold3,ESM2_frozen_embedding,ESM2_LR_L2,LogisticRegression,random_cv_R1_R10,core_only,R06,3,0.5,131,43,109,22,36,7,0.44249738853409565,0.880952380952381,0.9772120875678422,0.8253968253968254,0.9629629629629629,0.7222222222222222,0.8571428571428571,26,6,1,10
PLM_ESM2_LR_L2_random_cv_R1_R10_core_only_R06_fold4,ESM2_frozen_embedding,ESM2_LR_L2,LogisticRegression,random_cv_R1_R10,core_only,R06,4,0.5,131,43,109,22,36,7,0.31897158992671304,0.8293650793650794,0.9677926092806995,0.8529411764705882,0.90625,0.8055555555555556,0.5714285714285714,29,4,3,7
PLM_ESM2_LR_L2_random_cv_R1_R10_core_only_R07_fold1,ESM2_frozen_embedding,ESM2_LR_L2,LogisticRegression,random_cv_R1_R10,core_only,R07,1,0.5,130,44,108,22,37,7,0.49893200305250596,0.915057915057915,0.9849965358573678,0.8064516129032258,1.0,0.6756756756756757,1.0,25,7,0,12
PLM_ESM2_LR_L2_random_cv_R1_R10_core_only_R07_fold2,ESM2_frozen_embedding,ESM2_LR_L2,LogisticRegression,random_cv_R1_R10,core_only,R07,2,0.5,130,44,109,21,36,8,0.2361111111111111,0.7465277777777777,0.9167486491378389,0.8611111111111112,0.8611111111111112,0.8611111111111112,0.375,31,3,5,5
PLM_ESM2_LR_L2_random_cv_R1_R10_core_only_R07_fold3,ESM2_frozen_embedding,ESM2_LR_L2,LogisticRegression,random_cv_R1_R10,core_only,R07,3,0.5,131,43,109,22,36,7,0.25837616329344654,0.7420634920634921,0.9463000354496419,0.8181818181818182,0.9,0.75,0.5714285714285714,27,4,3,9
PLM_ESM2_LR_L2_random_cv_R1_R10_core_only_R07_fold4,ESM2_frozen_embedding,ESM2_LR_L2,LogisticRegression,random_cv_R1_R10,core_only,R07,4,0.5,131,43,109,22,36,7,0.5196746370519364,0.8650793650793651,0.9739508098660401,0.819672131147541,1.0,0.6944444444444444,1.0,25,7,0,11
PLM_ESM2_LR_L2_random_cv_R1_R10_core_only_R08_fold1,ESM2_frozen_embedding,ESM2_LR_L2,LogisticRegression,random_cv_R1_R10,core_only,R08,1,0.5,130,44,108,22,37,7,0.3572041737052757,0.7837837837837838,0.9518713587873231,0.8732394366197183,0.9117647058823529,0.8378378378378378,0.5714285714285714,31,4,3,6
PLM_ESM2_LR_L2_random_cv_R1_R10_core_only_R08_fold2,ESM2_frozen_embedding,ESM2_LR_L2,LogisticRegression,random_cv_R1_R10,core_only,R08,2,0.5,130,44,109,21,36,8,0.18401748249129446,0.6111111111111112,0.87684209821246,0.7878787878787878,0.8666666666666667,0.7222222222222222,0.5,26,4,4,10
PLM_ESM2_LR_L2_random_cv_R1_R10_core_only_R08_fold3,ESM2_frozen_embedding,ESM2_LR_L2,LogisticRegression,random_cv_R1_R10,core_only,R08,3,0.5,131,43,109,22,36,7,0.25837616329344654,0.6587301587301587,0.9164318435227526,0.8181818181818182,0.9,0.75,0.5714285714285714,27,4,3,9
PLM_ESM2_LR_L2_random_cv_R1_R10_core_only_R08_fold4,ESM2_frozen_embedding,ESM2_LR_L2,LogisticRegression,random_cv_R1_R10,core_only,R08,4,0.5,131,43,109,22,36,7,0.1212135087055675,0.623015873015873,0.9051702362028136,0.7878787878787878,0.8666666666666667,0.7222222222222222,0.42857142857142855,26,3,4,10
PLM_ESM2_LR_L2_random_cv_R1_R10_core_only_R09_fold1,ESM2_frozen_embedding,ESM2_LR_L2,LogisticRegression,random_cv_R1_R10,core_only,R09,1,0.5,130,44,108,22,37,7,0.11716660671033247,0.6640926640926641,0.9227284938348177,0.8493150684931506,0.8611111111111112,0.8378378378378378,0.2857142857142857,31,2,5,6
PLM_ESM2_LR_L2_random_cv_R1_R10_core_only_R09_fold2,ESM2_frozen_embedding,ESM2_LR_L2,LogisticRegression,random_cv_R1_R10,core_only,R09,2,0.5,130,44,109,21,36,8,0.34528826491882486,0.7569444444444444,0.9373723121081916,0.8732394366197183,0.8857142857142857,0.8611111111111112,0.5,31,4,4,5
PLM_ESM2_LR_L2_random_cv_R1_R10_core_only_R09_fold3,ESM2_frozen_embedding,ESM2_LR_L2,LogisticRegression,random_cv_R1_R10,core_only,R09,3,0.5,131,43,109,22,36,7,0.5002149823227526,0.8531746031746031,0.971325805882055,0.8615384615384616,0.9655172413793104,0.7777777777777778,0.8571428571428571,28,6,1,8
PLM_ESM2_LR_L2_random_cv_R1_R10_core_only_R09_fold4,ESM2_frozen_embedding,ESM2_LR_L2,LogisticRegression,random_cv_R1_R10,core_only,R09,4,0.5,131,43,109,22,36,7,0.25837616329344654,0.7222222222222222,0.9154271730013438,0.8181818181818182,0.9,0.75,0.5714285714285714,27,4,3,9
PLM_ESM2_LR_L2_random_cv_R1_R10_core_only_R10_fold1,ESM2_frozen_embedding,ESM2_LR_L2,LogisticRegression,random_cv_R1_R10,core_only,R10,1,0.5,130,44,108,22,37,7,0.17937400083354382,0.7722007722007723,0.9500067811016861,0.8285714285714286,0.8787878787878788,0.7837837837837838,0.42857142857142855,29,3,4,8
PLM_ESM2_LR_L2_random_cv_R1_R10_core_only_R10_fold2,ESM2_frozen_embedding,ESM2_LR_L2,LogisticRegression,random_cv_R1_R10,core_only,R10,2,0.5,130,44,109,21,36,8,0.18401748249129446,0.6527777777777778,0.9017198678457391,0.7878787878787878,0.8666666666666667,0.7222222222222222,0.5,26,4,4,10
PLM_ESM2_LR_L2_random_cv_R1_R10_core_only_R10_fold3,ESM2_frozen_embedding,ESM2_LR_L2,LogisticRegression,random_cv_R1_R10,core_only,R10,3,0.5,131,43,109,22,36,7,0.181848241863327,0.5992063492063492,0.8781975956613143,0.7619047619047619,0.8888888888888888,0.6666666666666666,0.5714285714285714,24,4,3,12
PLM_ESM2_LR_L2_random_cv_R1_R10_core_only_R10_fold4,ESM2_frozen_embedding,ESM2_LR_L2,LogisticRegression,random_cv_R1_R10,core_only,R10,4,0.5,131,43,109,22,36,7,0.5473720332218277,0.8492063492063491,0.964725044674349,0.9142857142857143,0.9411764705882353,0.8888888888888888,0.7142857142857143,32,5,2,4
PLM_ESM2_LR_L2_random_cv_R1_R10_sensplus_R01_fold1,ESM2_frozen_embedding,ESM2_LR_L2,LogisticRegression,random_cv_R1_R10,sensplus,R01,1,0.5,132,45,108,24,37,8,0.24534987303147354,0.7972972972972974,0.9540042377493614,0.8285714285714286,0.8787878787878788,0.7837837837837838,0.5,29,4,4,8
PLM_ESM2_LR_L2_random_cv_R1_R10_sensplus_R01_fold2,ESM2_frozen_embedding,ESM2_LR_L2,LogisticRegression,random_cv_R1_R10,sensplus,R01,2,0.5,133,44,109,24,36,8,0.21134098610290408,0.84375,0.9655978413522773,0.8059701492537313,0.8709677419354839,0.75,0.5,27,4,4,9
PLM_ESM2_LR_L2_random_cv_R1_R10_sensplus_R01_fold3,ESM2_frozen_embedding,ESM2_LR_L2,LogisticRegression,random_cv_R1_R10,sensplus,R01,3,0.5,133,44,109,24,36,8,0.08218816126224048,0.701388888888889,0.9147505063117252,0.7761194029850746,0.8387096774193549,0.7222222222222222,0.375,26,3,5,10
PLM_ESM2_LR_L2_random_cv_R1_R10_sensplus_R01_fold4,ESM2_frozen_embedding,ESM2_LR_L2,LogisticRegression,random_cv_R1_R10,sensplus,R01,4,0.5,133,44,109,24,36,8,0.3404938109435677,0.7604166666666666,0.9367072149889496,0.835820895522388,0.9032258064516129,0.7777777777777778,0.625,28,5,3,8
PLM_ESM2_LR_L2_random_cv_R1_R10_sensplus_R02_fold1,ESM2_frozen_embedding,ESM2_LR_L2,LogisticRegression,random_cv_R1_R10,sensplus,R02,1,0.5,132,45,108,24,37,8,0.058123819371909635,0.7128378378378378,0.9313165422357634,0.821917808219178,0.8333333333333334,0.8108108108108109,0.25,30,2,6,7
PLM_ESM2_LR_L2_random_cv_R1_R10_sensplus_R02_fold2,ESM2_frozen_embedding,ESM2_LR_L2,LogisticRegression,random_cv_R1_R10,sensplus,R02,2,0.5,133,44,109,24,36,8,0.3404938109435677,0.8402777777777778,0.964345543556835,0.835820895522388,0.9032258064516129,0.7777777777777778,0.625,28,5,3,8
PLM_ESM2_LR_L2_random_cv_R1_R10_sensplus_R02_fold3,ESM2_frozen_embedding,ESM2_LR_L2,LogisticRegression,random_cv_R1_R10,sensplus,R02,3,0.5,133,44,109,24,36,8,0.18401748249129446,0.7048611111111112,0.9032157599831105,0.7878787878787878,0.8666666666666667,0.7222222222222222,0.5,26,4,4,10
PLM_ESM2_LR_L2_random_cv_R1_R10_sensplus_R02_fold4,ESM2_frozen_embedding,ESM2_LR_L2,LogisticRegression,random_cv_R1_R10,sensplus,R02,4,0.5,133,44,109,24,36,8,0.21134098610290408,0.71875,0.9302451056167439,0.8059701492537313,0.8709677419354839,0.75,0.5,27,4,4,9
PLM_ESM2_LR_L2_random_cv_R1_R10_sensplus_R03_fold1,ESM2_frozen_embedding,ESM2_LR_L2,LogisticRegression,random_cv_R1_R10,sensplus,R03,1,0.5,132,45,108,24,37,8,0.5082247369937667,0.8614864864864865,0.9699720443374333,0.8857142857142857,0.9393939393939394,0.8378378378378378,0.75,31,6,2,6
PLM_ESM2_LR_L2_random_cv_R1_R10_sensplus_R03_fold2,ESM2_frozen_embedding,ESM2_LR_L2,LogisticRegression,random_cv_R1_R10,sensplus,R03,2,0.5,133,44,109,24,36,8,0.24056261216234406,0.6840277777777778,0.9063929459133425,0.8235294117647058,0.875,0.7777777777777778,0.5,28,4,4,8
PLM_ESM2_LR_L2_random_cv_R1_R10_sensplus_R03_fold3,ESM2_frozen_embedding,ESM2_LR_L2,LogisticRegression,random_cv_R1_R10,sensplus,R03,3,0.5,133,44,109,24,36,8,0.5443310539518174,0.8090277777777778,0.9249727764952528,0.8985507246376812,0.9393939393939394,0.8611111111111112,0.75,31,6,2,5
PLM_ESM2_LR_L2_random_cv_R1_R10_sensplus_R03_fold4,ESM2_frozen_embedding,ESM2_LR_L2,LogisticRegression,random_cv_R1_R10,sensplus,R03,4,0.5,133,44,109,24,36,8,0.2721655269759087,0.7569444444444444,0.9379084415957193,0.8405797101449275,0.8787878787878788,0.8055555555555556,0.5,29,4,4,7
PLM_ESM2_LR_L2_random_cv_R1_R10_sensplus_R04_fold1,ESM2_frozen_embedding,ESM2_LR_L2,LogisticRegression,random_cv_R1_R10,sensplus,R04,1,0.5,132,45,108,24,37,8,0.3767873050126201,0.7635135135135135,0.9374130620458041,0.8571428571428571,0.9090909090909091,0.8108108108108109,0.625,30,5,3,7
PLM_ESM2_LR_L2_random_cv_R1_R10_sensplus_R04_fold2,ESM2_frozen_embedding,ESM2_LR_L2,LogisticRegression,random_cv_R1_R10,sensplus,R04,2,0.5,133,44,109,24,36,8,0.5311497445029681,0.8958333333333333,0.9775816550297676,0.8615384615384616,0.9655172413793104,0.7777777777777778,0.875,28,7,1,8
PLM_ESM2_LR_L2_random_cv_R1_R10_sensplus_R04_fold3,ESM2_frozen_embedding,ESM2_LR_L2,LogisticRegression,random_cv_R1_R10,sensplus,R04,3,0.5,133,44,109,24,36,8,0.46964663578423127,0.732638888888889,0.917917679754273,0.8656716417910447,0.9354838709677419,0.8055555555555556,0.75,29,6,2,7
PLM_ESM2_LR_L2_random_cv_R1_R10_sensplus_R04_fold4,ESM2_frozen_embedding,ESM2_LR_L2,LogisticRegression,random_cv_R1_R10,sensplus,R04,4,0.5,133,44,109,24,36,8,0.3067859955389482,0.7395833333333334,0.9309498139749889,0.8571428571428571,0.8823529411764706,0.8333333333333334,0.5,30,4,4,6
PLM_ESM2_LR_L2_random_cv_R1_R10_sensplus_R05_fold1,ESM2_frozen_embedding,ESM2_LR_L2,LogisticRegression,random_cv_R1_R10,sensplus,R05,1,0.5,132,45,108,24,37,8,0.11391244105032701,0.793918918918919,0.9525080842736449,0.8,0.8484848484848485,0.7567567567567568,0.375,28,3,5,9
PLM_ESM2_LR_L2_random_cv_R1_R10_sensplus_R05_fold2,ESM2_frozen_embedding,ESM2_LR_L2,LogisticRegression,random_cv_R1_R10,sensplus,R05,2,0.5,133,44,109,24,36,8,0.11001639366407491,0.6666666666666666,0.9122546747732372,0.7301587301587301,0.8518518518518519,0.6388888888888888,0.5,23,4,4,13
PLM_ESM2_LR_L2_random_cv_R1_R10_sensplus_R05_fold3,ESM2_frozen_embedding,ESM2_LR_L2,LogisticRegression,random_cv_R1_R10,sensplus,R05,3,0.5,133,44,109,24,36,8,0.08218816126224048,0.4375,0.8061766489033609,0.7761194029850746,0.8387096774193549,0.7222222222222222,0.375,26,3,5,10
PLM_ESM2_LR_L2_random_cv_R1_R10_sensplus_R05_fold4,ESM2_frozen_embedding,ESM2_LR_L2,LogisticRegression,random_cv_R1_R10,sensplus,R05,4,0.5,133,44,109,24,36,8,0.3067859955389482,0.78125,0.9500744219456722,0.8571428571428571,0.8823529411764706,0.8333333333333334,0.5,30,4,4,6
PLM_ESM2_LR_L2_random_cv_R1_R10_sensplus_R06_fold1,ESM2_frozen_embedding,ESM2_LR_L2,LogisticRegression,random_cv_R1_R10,sensplus,R06,1,0.5,132,45,108,24,37,8,0.5082247369937667,0.8412162162162162,0.9607957563125067,0.8857142857142857,0.9393939393939394,0.8378378378378378,0.75,31,6,2,6
PLM_ESM2_LR_L2_random_cv_R1_R10_sensplus_R06_fold2,ESM2_frozen_embedding,ESM2_LR_L2,LogisticRegression,random_cv_R1_R10,sensplus,R06,2,0.5,133,44,109,24,36,8,0.3067859955389482,0.7430555555555556,0.9260267084128164,0.8571428571428571,0.8823529411764706,0.8333333333333334,0.5,30,4,4,6
PLM_ESM2_LR_L2_random_cv_R1_R10_sensplus_R06_fold3,ESM2_frozen_embedding,ESM2_LR_L2,LogisticRegression,random_cv_R1_R10,sensplus,R06,3,0.5,133,44,109,24,36,8,0.35205245972503973,0.8055555555555556,0.9537165195802266,0.7936507936507936,0.9259259259259259,0.6944444444444444,0.75,25,6,2,11
PLM_ESM2_LR_L2_random_cv_R1_R10_sensplus_R06_fold4,ESM2_frozen_embedding,ESM2_LR_L2,LogisticRegression,random_cv_R1_R10,sensplus,R06,4,0.5,133,44,109,24,36,8,0.2721655269759087,0.8090277777777778,0.9562691683153651,0.8405797101449275,0.8787878787878788,0.8055555555555556,0.5,29,4,4,7
PLM_ESM2_LR_L2_random_cv_R1_R10_sensplus_R07_fold1,ESM2_frozen_embedding,ESM2_LR_L2,LogisticRegression,random_cv_R1_R10,sensplus,R07,1,0.5,132,45,108,24,37,8,0.5439437674894452,0.8851351351351351,0.9766412622334719,0.8253968253968254,1.0,0.7027027027027027,1.0,26,8,0,11
PLM_ESM2_LR_L2_random_cv_R1_R10_sensplus_R07_fold2,ESM2_frozen_embedding,ESM2_LR_L2,LogisticRegression,random_cv_R1_R10,sensplus,R07,2,0.5,133,44,109,24,36,8,0.44739624349429946,0.7743055555555556,0.9247013078889552,0.8857142857142857,0.9117647058823529,0.8611111111111112,0.625,31,5,3,5
PLM_ESM2_LR_L2_random_cv_R1_R10_sensplus_R07_fold3,ESM2_frozen_embedding,ESM2_LR_L2,LogisticRegression,random_cv_R1_R10,sensplus,R07,3,0.5,133,44,109,24,36,8,0.21134098610290408,0.7569444444444443,0.9436277046073394,0.8059701492537313,0.8709677419354839,0.75,0.5,27,4,4,9
PLM_ESM2_LR_L2_random_cv_R1_R10_sensplus_R07_fold4,ESM2_frozen_embedding,ESM2_LR_L2,LogisticRegression,random_cv_R1_R10,sensplus,R07,4,0.5,133,44,109,24,36,8,0.4467089744814192,0.8541666666666667,0.9681835823769994,0.8064516129032258,0.9615384615384616,0.6944444444444444,0.875,25,7,1,11
PLM_ESM2_LR_L2_random_cv_R1_R10_sensplus_R08_fold1,ESM2_frozen_embedding,ESM2_LR_L2,LogisticRegression,random_cv_R1_R10,sensplus,R08,1,0.5,132,45,108,24,37,8,0.45049308035087,0.8310810810810811,0.9585194917496389,0.8888888888888888,0.9142857142857143,0.8648648648648649,0.625,32,5,3,5
PLM_ESM2_LR_L2_random_cv_R1_R10_sensplus_R08_fold2,ESM2_frozen_embedding,ESM2_LR_L2,LogisticRegression,random_cv_R1_R10,sensplus,R08,2,0.5,133,44,109,24,36,8,0.10825317547305482,0.6284722222222222,0.8861535012420634,0.7941176470588235,0.84375,0.75,0.375,27,3,5,9
PLM_ESM2_LR_L2_random_cv_R1_R10_sensplus_R08_fold3,ESM2_frozen_embedding,ESM2_LR_L2,LogisticRegression,random_cv_R1_R10,sensplus,R08,3,0.5,133,44,109,24,36,8,0.10825317547305482,0.6597222222222222,0.903836678952536,0.7941176470588235,0.84375,0.75,0.375,27,3,5,9
PLM_ESM2_LR_L2_random_cv_R1_R10_sensplus_R08_fold4,ESM2_frozen_embedding,ESM2_LR_L2,LogisticRegression,random_cv_R1_R10,sensplus,R08,4,0.5,133,44,109,24,36,8,0.15821481751152242,0.625,0.8949723597832442,0.7692307692307693,0.8620689655172413,0.6944444444444444,0.5,25,4,4,11
PLM_ESM2_LR_L2_random_cv_R1_R10_sensplus_R09_fold1,ESM2_frozen_embedding,ESM2_LR_L2,LogisticRegression,random_cv_R1_R10,sensplus,R09,1,0.5,132,45,108,24,37,8,0.11391244105032701,0.7128378378378379,0.9313685287189801,0.8,0.8484848484848485,0.7567567567567568,0.375,28,3,5,9
PLM_ESM2_LR_L2_random_cv_R1_R10_sensplus_R09_fold2,ESM2_frozen_embedding,ESM2_LR_L2,LogisticRegression,random_cv_R1_R10,sensplus,R09,2,0.5,133,44,109,24,36,8,0.3404938109435677,0.7708333333333334,0.9397334240140484,0.835820895522388,0.9032258064516129,0.7777777777777778,0.625,28,5,3,8
PLM_ESM2_LR_L2_random_cv_R1_R10_sensplus_R09_fold3,ESM2_frozen_embedding,ESM2_LR_L2,LogisticRegression,random_cv_R1_R10,sensplus,R09,3,0.5,133,44,109,24,36,8,0.3728720488516333,0.857638888888889,0.9686818685912818,0.8529411764705882,0.90625,0.8055555555555556,0.625,29,5,3,7
PLM_ESM2_LR_L2_random_cv_R1_R10_sensplus_R09_fold4,ESM2_frozen_embedding,ESM2_LR_L2,LogisticRegression,random_cv_R1_R10,sensplus,R09,4,0.5,133,44,109,24,36,8,0.24056261216234406,0.7291666666666666,0.910531017874364,0.8235294117647058,0.875,0.7777777777777778,0.5,28,4,4,8
PLM_ESM2_LR_L2_random_cv_R1_R10_sensplus_R10_fold1,ESM2_frozen_embedding,ESM2_LR_L2,LogisticRegression,random_cv_R1_R10,sensplus,R10,1,0.5,132,45,108,24,37,8,0.41099746826339323,0.777027027027027,0.9444953126735212,0.835820895522388,0.9333333333333333,0.7567567567567568,0.75,28,6,2,9
PLM_ESM2_LR_L2_random_cv_R1_R10_sensplus_R10_fold2,ESM2_frozen_embedding,ESM2_LR_L2,LogisticRegression,random_cv_R1_R10,sensplus,R10,2,0.5,133,44,109,24,36,8,0.2825264598420043,0.6909722222222222,0.9142247485353119,0.8,0.896551724137931,0.7222222222222222,0.625,26,5,3,10
PLM_ESM2_LR_L2_random_cv_R1_R10_sensplus_R10_fold3,ESM2_frozen_embedding,ESM2_LR_L2,LogisticRegression,random_cv_R1_R10,sensplus,R10,3,0.5,133,44,109,24,36,8,0.11001639366407491,0.5451388888888888,0.8531532176069763,0.7301587301587301,0.8518518518518519,0.6388888888888888,0.5,23,4,4,13
PLM_ESM2_LR_L2_random_cv_R1_R10_sensplus_R10_fold4,ESM2_frozen_embedding,ESM2_LR_L2,LogisticRegression,random_cv_R1_R10,sensplus,R10,4,0.5,133,44,109,24,36,8,0.408248290463863,0.8333333333333334,0.96140348803048,0.8695652173913043,0.9090909090909091,0.8333333333333334,0.625,30,5,3,6
PLM_ESM2_LinearSVM_r02a_sequence_cluster_hard_split_sensplus_R02A_fold1,ESM2_frozen_embedding,ESM2_LinearSVM,LinearSVM,r02a_sequence_cluster_hard_split,sensplus,R02A,1,0.0,132,45,108,24,37,8,0.4940524646612319,0.8074324324324325,0.9498411005848664,0.9041095890410958,0.9166666666666666,0.8918918918918919,0.625,33,5,3,4
PLM_ESM2_LinearSVM_r02a_sequence_cluster_hard_split_sensplus_R02A_fold2,ESM2_frozen_embedding,ESM2_LinearSVM,LinearSVM,r02a_sequence_cluster_hard_split,sensplus,R02A,2,0.0,133,44,109,24,36,8,-0.11504474832710557,0.48263888888888884,0.8585781622920461,0.7714285714285715,0.7941176470588235,0.75,0.125,27,1,7,9
PLM_ESM2_LinearSVM_r02a_sequence_cluster_hard_split_sensplus_R02A_fold3,ESM2_frozen_embedding,ESM2_LinearSVM,LinearSVM,r02a_sequence_cluster_hard_split,sensplus,R02A,3,0.0,133,44,109,24,36,8,0.08333333333333333,0.7430555555555556,0.9397065825367019,0.8333333333333334,0.8333333333333334,0.8333333333333334,0.25,30,2,6,6
PLM_ESM2_LinearSVM_r02a_sequence_cluster_hard_split_sensplus_R02A_fold4,ESM2_frozen_embedding,ESM2_LinearSVM,LinearSVM,r02a_sequence_cluster_hard_split,sensplus,R02A,4,0.0,133,44,109,24,36,8,0.0,0.5902777777777779,0.8947793725281483,0.782608695652174,0.8181818181818182,0.75,0.25,27,2,6,9
PLM_ESM2_LinearSVM_random_cv_R1_R10_core_only_R01_fold1,ESM2_frozen_embedding,ESM2_LinearSVM,LinearSVM,random_cv_R1_R10,core_only,R01,1,0.0,129,45,108,21,37,8,0.23986486486486486,0.7939189189189189,0.9539450231067752,0.8648648648648649,0.8648648648648649,0.8648648648648649,0.375,32,3,5,5
PLM_ESM2_LinearSVM_random_cv_R1_R10_core_only_R01_fold2,ESM2_frozen_embedding,ESM2_LinearSVM,LinearSVM,random_cv_R1_R10,core_only,R01,2,0.0,131,43,109,22,36,7,0.4880952380952381,0.8214285714285714,0.9583104028308329,0.9166666666666666,0.9166666666666666,0.9166666666666666,0.5714285714285714,33,4,3,3
PLM_ESM2_LinearSVM_random_cv_R1_R10_core_only_R01_fold3,ESM2_frozen_embedding,ESM2_LinearSVM,LinearSVM,random_cv_R1_R10,core_only,R01,3,0.0,131,43,109,22,36,7,0.2376746986357936,0.7777777777777777,0.9500746941498746,0.8571428571428571,0.8823529411764706,0.8333333333333334,0.42857142857142855,30,3,4,6
PLM_ESM2_LinearSVM_random_cv_R1_R10_core_only_R01_fold4,ESM2_frozen_embedding,ESM2_LinearSVM,LinearSVM,random_cv_R1_R10,core_only,R01,4,0.0,131,43,109,22,36,7,0.31746031746031744,0.6944444444444444,0.9245487278642767,0.8888888888888888,0.8888888888888888,0.8888888888888888,0.42857142857142855,32,3,4,4
PLM_ESM2_LinearSVM_random_cv_R1_R10_core_only_R02_fold1,ESM2_frozen_embedding,ESM2_LinearSVM,LinearSVM,random_cv_R1_R10,core_only,R02,1,0.0,130,44,108,22,37,7,0.15057915057915058,0.7065637065637066,0.9360585484805708,0.8648648648648649,0.8648648648648649,0.8648648648648649,0.2857142857142857,32,2,5,5
PLM_ESM2_LinearSVM_random_cv_R1_R10_core_only_R02_fold2,ESM2_frozen_embedding,ESM2_LinearSVM,LinearSVM,random_cv_R1_R10,core_only,R02,2,0.0,130,44,109,21,36,8,0.44739624349429946,0.8263888888888888,0.9566721424316142,0.8857142857142857,0.9117647058823529,0.8611111111111112,0.625,31,5,3,5
PLM_ESM2_LinearSVM_random_cv_R1_R10_core_only_R02_fold3,ESM2_frozen_embedding,ESM2_LinearSVM,LinearSVM,random_cv_R1_R10,core_only,R02,3,0.0,131,43,109,22,36,7,0.4366954864042048,0.7658730158730158,0.9408557197105575,0.9014084507042254,0.9142857142857143,0.8888888888888888,0.5714285714285714,32,4,3,4
PLM_ESM2_LinearSVM_random_cv_R1_R10_core_only_R02_fold4,ESM2_frozen_embedding,ESM2_LinearSVM,LinearSVM,random_cv_R1_R10,core_only,R02,4,0.0,131,43,109,22,36,7,0.2376746986357936,0.7103174603174602,0.9347072457704299,0.8571428571428571,0.8823529411764706,0.8333333333333334,0.42857142857142855,30,3,4,6
PLM_ESM2_LinearSVM_random_cv_R1_R10_core_only_R03_fold1,ESM2_frozen_embedding,ESM2_LinearSVM,LinearSVM,random_cv_R1_R10,core_only,R03,1,0.0,130,44,108,22,37,7,0.3204633204633205,0.8648648648648649,0.9744210861527522,0.8918918918918919,0.8918918918918919,0.8918918918918919,0.42857142857142855,33,3,4,4
PLM_ESM2_LinearSVM_random_cv_R1_R10_core_only_R03_fold2,ESM2_frozen_embedding,ESM2_LinearSVM,LinearSVM,random_cv_R1_R10,core_only,R03,2,0.0,130,44,109,21,36,8,0.3278050340535929,0.6736111111111112,0.8828478841926051,0.8918918918918919,0.868421052631579,0.9166666666666666,0.375,33,3,5,3
PLM_ESM2_LinearSVM_random_cv_R1_R10_core_only_R03_fold3,ESM2_frozen_embedding,ESM2_LinearSVM,LinearSVM,random_cv_R1_R10,core_only,R03,3,0.0,131,43,109,22,36,7,0.5473720332218277,0.8928571428571428,0.9771300776251208,0.9142857142857143,0.9411764705882353,0.8888888888888888,0.7142857142857143,32,5,2,4
PLM_ESM2_LinearSVM_random_cv_R1_R10_core_only_R03_fold4,ESM2_frozen_embedding,ESM2_LinearSVM,LinearSVM,random_cv_R1_R10,core_only,R03,4,0.0,131,43,109,22,36,7,0.31746031746031744,0.7619047619047619,0.9452363945762176,0.8888888888888888,0.8888888888888888,0.8888888888888888,0.42857142857142855,32,3,4,4
PLM_ESM2_LinearSVM_random_cv_R1_R10_core_only_R04_fold1,ESM2_frozen_embedding,ESM2_LinearSVM,LinearSVM,random_cv_R1_R10,core_only,R04,1,0.0,130,44,108,22,37,7,0.2782706909370396,0.7027027027027027,0.9301561746965243,0.8767123287671232,0.8888888888888888,0.8648648648648649,0.42857142857142855,32,3,4,5
PLM_ESM2_LinearSVM_random_cv_R1_R10_core_only_R04_fold2,ESM2_frozen_embedding,ESM2_LinearSVM,LinearSVM,random_cv_R1_R10,core_only,R04,2,0.0,130,44,109,21,36,8,0.5443310539518174,0.8784722222222222,0.9734367951766518,0.8985507246376812,0.9393939393939394,0.8611111111111112,0.75,31,6,2,5
PLM_ESM2_LinearSVM_random_cv_R1_R10_core_only_R04_fold3,ESM2_frozen_embedding,ESM2_LinearSVM,LinearSVM,random_cv_R1_R10,core_only,R04,3,0.0,131,43,109,22,36,7,0.31897158992671304,0.7420634920634921,0.9340399174829479,0.8529411764705882,0.90625,0.8055555555555556,0.5714285714285714,29,4,3,7
PLM_ESM2_LinearSVM_random_cv_R1_R10_core_only_R04_fold4,ESM2_frozen_embedding,ESM2_LinearSVM,LinearSVM,random_cv_R1_R10,core_only,R04,4,0.0,131,43,109,22,36,7,0.39252336592881065,0.7817460317460317,0.9497693344022692,0.8857142857142857,0.9117647058823529,0.8611111111111112,0.5714285714285714,31,4,3,5
PLM_ESM2_LinearSVM_random_cv_R1_R10_core_only_R05_fold1,ESM2_frozen_embedding,ESM2_LinearSVM,LinearSVM,random_cv_R1_R10,core_only,R05,1,0.0,130,44,108,22,37,7,0.2782706909370396,0.8108108108108109,0.9617397234401581,0.8767123287671232,0.8888888888888888,0.8648648648648649,0.42857142857142855,32,3,4,5
PLM_ESM2_LinearSVM_random_cv_R1_R10_core_only_R05_fold2,ESM2_frozen_embedding,ESM2_LinearSVM,LinearSVM,random_cv_R1_R10,core_only,R05,2,0.0,130,44,109,21,36,8,0.21134098610290408,0.7083333333333334,0.9190395104326305,0.8059701492537313,0.8709677419354839,0.75,0.5,27,4,4,9
PLM_ESM2_LinearSVM_random_cv_R1_R10_core_only_R05_fold3,ESM2_frozen_embedding,ESM2_LinearSVM,LinearSVM,random_cv_R1_R10,core_only,R05,3,0.0,131,43,109,22,36,7,0.055483358571765264,0.4246031746031746,0.8175649349215651,0.8115942028985508,0.8484848484848485,0.7777777777777778,0.2857142857142857,28,2,5,8
PLM_ESM2_LinearSVM_random_cv_R1_R10_core_only_R05_fold4,ESM2_frozen_embedding,ESM2_LinearSVM,LinearSVM,random_cv_R1_R10,core_only,R05,4,0.0,131,43,109,22,36,7,0.2376746986357936,0.8134920634920635,0.9604794061350613,0.8571428571428571,0.8823529411764706,0.8333333333333334,0.42857142857142855,30,3,4,6
PLM_ESM2_LinearSVM_random_cv_R1_R10_core_only_R06_fold1,ESM2_frozen_embedding,ESM2_LinearSVM,LinearSVM,random_cv_R1_R10,core_only,R06,1,0.0,130,44,108,22,37,7,0.5496604555653705,0.8764478764478765,0.9748509676779398,0.9166666666666666,0.9428571428571428,0.8918918918918919,0.7142857142857143,33,5,2,4
PLM_ESM2_LinearSVM_random_cv_R1_R10_core_only_R06_fold2,ESM2_frozen_embedding,ESM2_LinearSVM,LinearSVM,random_cv_R1_R10,core_only,R06,2,0.0,130,44,109,21,36,8,0.3888888888888889,0.6770833333333333,0.9026493511997955,0.8888888888888888,0.8888888888888888,0.8888888888888888,0.5,32,4,4,4
PLM_ESM2_LinearSVM_random_cv_R1_R10_core_only_R06_fold3,ESM2_frozen_embedding,ESM2_LinearSVM,LinearSVM,random_cv_R1_R10,core_only,R06,3,0.0,131,43,109,22,36,7,0.42785790007800123,0.8809523809523809,0.9764956716467479,0.8656716417910447,0.9354838709677419,0.8055555555555556,0.7142857142857143,29,5,2,7
PLM_ESM2_LinearSVM_random_cv_R1_R10_core_only_R06_fold4,ESM2_frozen_embedding,ESM2_LinearSVM,LinearSVM,random_cv_R1_R10,core_only,R06,4,0.0,131,43,109,22,36,7,-0.023809523809523808,0.8174603174603174,0.9663624688475615,0.8333333333333334,0.8333333333333334,0.8333333333333334,0.14285714285714285,30,1,6,6
PLM_ESM2_LinearSVM_random_cv_R1_R10_core_only_R07_fold1,ESM2_frozen_embedding,ESM2_LinearSVM,LinearSVM,random_cv_R1_R10,core_only,R07,1,0.0,130,44,108,22,37,7,0.604785718883776,0.9034749034749036,0.9829729412447639,0.8787878787878788,1.0,0.7837837837837838,1.0,29,7,0,8
PLM_ESM2_LinearSVM_random_cv_R1_R10_core_only_R07_fold2,ESM2_frozen_embedding,ESM2_LinearSVM,LinearSVM,random_cv_R1_R10,core_only,R07,2,0.0,130,44,109,21,36,8,0.20254787341673333,0.7708333333333334,0.9220767089951916,0.88,0.8461538461538461,0.9166666666666666,0.25,33,2,6,3
PLM_ESM2_LinearSVM_random_cv_R1_R10_core_only_R07_fold3,ESM2_frozen_embedding,ESM2_LinearSVM,LinearSVM,random_cv_R1_R10,core_only,R07,3,0.0,131,43,109,22,36,7,0.35370641089500354,0.7380952380952381,0.9452352206348272,0.8695652173913043,0.9090909090909091,0.8333333333333334,0.5714285714285714,30,4,3,6
PLM_ESM2_LinearSVM_random_cv_R1_R10_core_only_R07_fold4,ESM2_frozen_embedding,ESM2_LinearSVM,LinearSVM,random_cv_R1_R10,core_only,R07,4,0.0,131,43,109,22,36,7,0.31897158992671304,0.8412698412698413,0.9688554166580667,0.8529411764705882,0.90625,0.8055555555555556,0.5714285714285714,29,4,3,7
PLM_ESM2_LinearSVM_random_cv_R1_R10_core_only_R08_fold1,ESM2_frozen_embedding,ESM2_LinearSVM,LinearSVM,random_cv_R1_R10,core_only,R08,1,0.0,130,44,108,22,37,7,0.2782706909370396,0.7799227799227799,0.9502752940815022,0.8767123287671232,0.8888888888888888,0.8648648648648649,0.42857142857142855,32,3,4,5
PLM_ESM2_LinearSVM_random_cv_R1_R10_core_only_R08_fold2,ESM2_frozen_embedding,ESM2_LinearSVM,LinearSVM,random_cv_R1_R10,core_only,R08,2,0.0,130,44,109,21,36,8,0.0,0.5555555555555556,0.8354488009792292,0.782608695652174,0.8181818181818182,0.75,0.25,27,2,6,9
PLM_ESM2_LinearSVM_random_cv_R1_R10_core_only_R08_fold3,ESM2_frozen_embedding,ESM2_LinearSVM,LinearSVM,random_cv_R1_R10,core_only,R08,3,0.0,131,43,109,22,36,7,0.17459497553883238,0.6309523809523809,0.9073843144221395,0.8235294117647058,0.875,0.7777777777777778,0.42857142857142855,28,3,4,8
PLM_ESM2_LinearSVM_random_cv_R1_R10_core_only_R08_fold4,ESM2_frozen_embedding,ESM2_LinearSVM,LinearSVM,random_cv_R1_R10,core_only,R08,4,0.0,131,43,109,22,36,7,0.17459497553883238,0.6150793650793651,0.9028002832076396,0.8235294117647058,0.875,0.7777777777777778,0.42857142857142855,28,3,4,8
PLM_ESM2_LinearSVM_random_cv_R1_R10_core_only_R09_fold1,ESM2_frozen_embedding,ESM2_LinearSVM,LinearSVM,random_cv_R1_R10,core_only,R09,1,0.0,130,44,108,22,37,7,0.15057915057915058,0.7104247104247104,0.9339807563389775,0.8648648648648649,0.8648648648648649,0.8648648648648649,0.2857142857142857,32,2,5,5
PLM_ESM2_LinearSVM_random_cv_R1_R10_core_only_R09_fold2,ESM2_frozen_embedding,ESM2_LinearSVM,LinearSVM,random_cv_R1_R10,core_only,R09,2,0.0,130,44,109,21,36,8,0.34528826491882486,0.7395833333333333,0.9264434676441619,0.8732394366197183,0.8857142857142857,0.8611111111111112,0.5,31,4,4,5
PLM_ESM2_LinearSVM_random_cv_R1_R10_core_only_R09_fold3,ESM2_frozen_embedding,ESM2_LinearSVM,LinearSVM,random_cv_R1_R10,core_only,R09,3,0.0,131,43,109,22,36,7,0.31897158992671304,0.8650793650793651,0.973160978617699,0.8529411764705882,0.90625,0.8055555555555556,0.5714285714285714,29,4,3,7
PLM_ESM2_LinearSVM_random_cv_R1_R10_core_only_R09_fold4,ESM2_frozen_embedding,ESM2_LinearSVM,LinearSVM,random_cv_R1_R10,core_only,R09,4,0.0,131,43,109,22,36,7,0.18602697279167504,0.6388888888888888,0.8931545531329564,0.8767123287671232,0.8648648648648649,0.8888888888888888,0.2857142857142857,32,2,5,4
PLM_ESM2_LinearSVM_random_cv_R1_R10_core_only_R10_fold1,ESM2_frozen_embedding,ESM2_LinearSVM,LinearSVM,random_cv_R1_R10,core_only,R10,1,0.0,130,44,108,22,37,7,0.18929560297722056,0.7104247104247104,0.9343417892265831,0.88,0.868421052631579,0.8918918918918919,0.2857142857142857,33,2,5,4
PLM_ESM2_LinearSVM_random_cv_R1_R10_core_only_R10_fold2,ESM2_frozen_embedding,ESM2_LinearSVM,LinearSVM,random_cv_R1_R10,core_only,R10,2,0.0,130,44,109,21,36,8,0.18401748249129446,0.579861111111111,0.875286477226785,0.7878787878787878,0.8666666666666667,0.7222222222222222,0.5,26,4,4,10
PLM_ESM2_LinearSVM_random_cv_R1_R10_core_only_R10_fold3,ESM2_frozen_embedding,ESM2_LinearSVM,LinearSVM,random_cv_R1_R10,core_only,R10,3,0.0,131,43,109,22,36,7,0.03021836115095176,0.5873015873015872,0.8763883935011493,0.7941176470588235,0.84375,0.75,0.2857142857142857,27,2,5,9
PLM_ESM2_LinearSVM_random_cv_R1_R10_core_only_R10_fold4,ESM2_frozen_embedding,ESM2_LinearSVM,LinearSVM,random_cv_R1_R10,core_only,R10,4,0.0,131,43,109,22,36,7,0.18602697279167504,0.7936507936507937,0.9534392945122093,0.8767123287671232,0.8648648648648649,0.8888888888888888,0.2857142857142857,32,2,5,4
PLM_ESM2_LinearSVM_random_cv_R1_R10_sensplus_R01_fold1,ESM2_frozen_embedding,ESM2_LinearSVM,LinearSVM,random_cv_R1_R10,sensplus,R01,1,0.0,132,45,108,24,37,8,0.3106848830006,0.8006756756756757,0.9538407929341648,0.8611111111111112,0.8857142857142857,0.8378378378378378,0.5,31,4,4,6
PLM_ESM2_LinearSVM_random_cv_R1_R10_sensplus_R01_fold2,ESM2_frozen_embedding,ESM2_LinearSVM,LinearSVM,random_cv_R1_R10,sensplus,R01,2,0.0,133,44,109,24,36,8,0.3067859955389482,0.8472222222222222,0.9645744783214755,0.8571428571428571,0.8823529411764706,0.8333333333333334,0.5,30,4,4,6
PLM_ESM2_LinearSVM_random_cv_R1_R10_sensplus_R01_fold3,ESM2_frozen_embedding,ESM2_LinearSVM,LinearSVM,random_cv_R1_R10,sensplus,R01,3,0.0,133,44,109,24,36,8,0.19920476822239894,0.736111111111111,0.931307346080585,0.8450704225352113,0.8571428571428571,0.8333333333333334,0.375,30,3,5,6
PLM_ESM2_LinearSVM_random_cv_R1_R10_sensplus_R01_fold4,ESM2_frozen_embedding,ESM2_LinearSVM,LinearSVM,random_cv_R1_R10,sensplus,R01,4,0.0,133,44,109,24,36,8,0.2361111111111111,0.7395833333333333,0.9315046501559894,0.8611111111111112,0.8611111111111112,0.8611111111111112,0.375,31,3,5,5
PLM_ESM2_LinearSVM_random_cv_R1_R10_sensplus_R02_fold1,ESM2_frozen_embedding,ESM2_LinearSVM,LinearSVM,random_cv_R1_R10,sensplus,R02,1,0.0,132,45,108,24,37,8,0.02054987341316966,0.7162162162162162,0.9296135599444286,0.8571428571428571,0.825,0.8918918918918919,0.125,33,1,7,4
PLM_ESM2_LinearSVM_random_cv_R1_R10_sensplus_R02_fold2,ESM2_frozen_embedding,ESM2_LinearSVM,LinearSVM,random_cv_R1_R10,sensplus,R02,2,0.0,133,44,109,24,36,8,0.3728720488516333,0.8368055555555556,0.9611015392916752,0.8529411764705882,0.90625,0.8055555555555556,0.625,29,5,3,7
PLM_ESM2_LinearSVM_random_cv_R1_R10_sensplus_R02_fold3,ESM2_frozen_embedding,ESM2_LinearSVM,LinearSVM,random_cv_R1_R10,sensplus,R02,3,0.0,133,44,109,24,36,8,0.34528826491882486,0.6979166666666666,0.9025142998004378,0.8732394366197183,0.8857142857142857,0.8611111111111112,0.5,31,4,4,5
PLM_ESM2_LinearSVM_random_cv_R1_R10_sensplus_R02_fold4,ESM2_frozen_embedding,ESM2_LinearSVM,LinearSVM,random_cv_R1_R10,sensplus,R02,4,0.0,133,44,109,24,36,8,0.3067859955389482,0.701388888888889,0.9245261736622535,0.8571428571428571,0.8823529411764706,0.8333333333333334,0.5,30,4,4,6
PLM_ESM2_LinearSVM_random_cv_R1_R10_sensplus_R03_fold1,ESM2_frozen_embedding,ESM2_LinearSVM,LinearSVM,random_cv_R1_R10,sensplus,R03,1,0.0,132,45,108,24,37,8,0.3106848830006,0.847972972972973,0.9676929577721687,0.8611111111111112,0.8857142857142857,0.8378378378378378,0.5,31,4,4,6
PLM_ESM2_LinearSVM_random_cv_R1_R10_sensplus_R03_fold2,ESM2_frozen_embedding,ESM2_LinearSVM,LinearSVM,random_cv_R1_R10,sensplus,R03,2,0.0,133,44,109,24,36,8,0.34528826491882486,0.6458333333333334,0.8783019379218906,0.8732394366197183,0.8857142857142857,0.8611111111111112,0.5,31,4,4,5
PLM_ESM2_LinearSVM_random_cv_R1_R10_sensplus_R03_fold3,ESM2_frozen_embedding,ESM2_LinearSVM,LinearSVM,random_cv_R1_R10,sensplus,R03,3,0.0,133,44,109,24,36,8,0.44739624349429946,0.8159722222222222,0.9262198070384001,0.8857142857142857,0.9117647058823529,0.8611111111111112,0.625,31,5,3,5
PLM_ESM2_LinearSVM_random_cv_R1_R10_sensplus_R03_fold4,ESM2_frozen_embedding,ESM2_LinearSVM,LinearSVM,random_cv_R1_R10,sensplus,R03,4,0.0,133,44,109,24,36,8,0.34528826491882486,0.75,0.9269678543742539,0.8732394366197183,0.8857142857142857,0.8611111111111112,0.5,31,4,4,5
PLM_ESM2_LinearSVM_random_cv_R1_R10_sensplus_R04_fold1,ESM2_frozen_embedding,ESM2_LinearSVM,LinearSVM,random_cv_R1_R10,sensplus,R04,1,0.0,132,45,108,24,37,8,0.3106848830006,0.7297297297297297,0.9249693997015653,0.8611111111111112,0.8857142857142857,0.8378378378378378,0.5,31,4,4,6
PLM_ESM2_LinearSVM_random_cv_R1_R10_sensplus_R04_fold2,ESM2_frozen_embedding,ESM2_LinearSVM,LinearSVM,random_cv_R1_R10,sensplus,R04,2,0.0,133,44,109,24,36,8,0.46964663578423127,0.8993055555555555,0.9787215812824824,0.8656716417910447,0.9354838709677419,0.8055555555555556,0.75,29,6,2,7
PLM_ESM2_LinearSVM_random_cv_R1_R10_sensplus_R04_fold3,ESM2_frozen_embedding,ESM2_LinearSVM,LinearSVM,random_cv_R1_R10,sensplus,R04,3,0.0,133,44,109,24,36,8,0.5051814855409226,0.7118055555555556,0.9061598160126567,0.8823529411764706,0.9375,0.8333333333333334,0.75,30,6,2,6
PLM_ESM2_LinearSVM_random_cv_R1_R10_sensplus_R04_fold4,ESM2_frozen_embedding,ESM2_LinearSVM,LinearSVM,random_cv_R1_R10,sensplus,R04,4,0.0,133,44,109,24,36,8,0.34528826491882486,0.7395833333333335,0.9259119954696782,0.8732394366197183,0.8857142857142857,0.8611111111111112,0.5,31,4,4,5
PLM_ESM2_LinearSVM_random_cv_R1_R10_sensplus_R05_fold1,ESM2_frozen_embedding,ESM2_LinearSVM,LinearSVM,random_cv_R1_R10,sensplus,R05,1,0.0,132,45,108,24,37,8,0.23986486486486486,0.7736486486486486,0.9458232555488444,0.8648648648648649,0.8648648648648649,0.8648648648648649,0.375,32,3,5,5
PLM_ESM2_LinearSVM_random_cv_R1_R10_sensplus_R05_fold2,ESM2_frozen_embedding,ESM2_LinearSVM,LinearSVM,random_cv_R1_R10,sensplus,R05,2,0.0,133,44,109,24,36,8,0.24056261216234406,0.6840277777777778,0.9186940010105422,0.8235294117647058,0.875,0.7777777777777778,0.5,28,4,4,8
PLM_ESM2_LinearSVM_random_cv_R1_R10_sensplus_R05_fold3,ESM2_frozen_embedding,ESM2_LinearSVM,LinearSVM,random_cv_R1_R10,sensplus,R05,3,0.0,133,44,109,24,36,8,-0.024056261216234408,0.4375,0.7982248850305445,0.7647058823529411,0.8125,0.7222222222222222,0.25,26,2,6,10
PLM_ESM2_LinearSVM_random_cv_R1_R10_sensplus_R05_fold4,ESM2_frozen_embedding,ESM2_LinearSVM,LinearSVM,random_cv_R1_R10,sensplus,R05,4,0.0,133,44,109,24,36,8,0.11716660671033247,0.78125,0.9480475688169765,0.8493150684931506,0.8378378378378378,0.8611111111111112,0.25,31,2,6,5
PLM_ESM2_LinearSVM_random_cv_R1_R10_sensplus_R06_fold1,ESM2_frozen_embedding,ESM2_LinearSVM,LinearSVM,random_cv_R1_R10,sensplus,R06,1,0.0,132,45,108,24,37,8,0.59030127770114,0.8547297297297298,0.9619294306835224,0.9166666666666666,0.9428571428571428,0.8918918918918919,0.75,33,6,2,4
PLM_ESM2_LinearSVM_random_cv_R1_R10_sensplus_R06_fold2,ESM2_frozen_embedding,ESM2_LinearSVM,LinearSVM,random_cv_R1_R10,sensplus,R06,2,0.0,133,44,109,24,36,8,0.3888888888888889,0.7430555555555556,0.923847836526207,0.8888888888888888,0.8888888888888888,0.8888888888888888,0.5,32,4,4,4
PLM_ESM2_LinearSVM_random_cv_R1_R10_sensplus_R06_fold3,ESM2_frozen_embedding,ESM2_LinearSVM,LinearSVM,random_cv_R1_R10,sensplus,R06,3,0.0,133,44,109,24,36,8,0.3786200927092679,0.795138888888889,0.9511423600315689,0.8125,0.9285714285714286,0.7222222222222222,0.75,26,6,2,10
PLM_ESM2_LinearSVM_random_cv_R1_R10_sensplus_R06_fold4,ESM2_frozen_embedding,ESM2_LinearSVM,LinearSVM,random_cv_R1_R10,sensplus,R06,4,0.0,133,44,109,24,36,8,-0.043937477516374675,0.8020833333333334,0.9570462647864431,0.821917808219178,0.8108108108108109,0.8333333333333334,0.125,30,1,7,6
PLM_ESM2_LinearSVM_random_cv_R1_R10_sensplus_R07_fold1,ESM2_frozen_embedding,ESM2_LinearSVM,LinearSVM,random_cv_R1_R10,sensplus,R07,1,0.0,132,45,108,24,37,8,0.5967586000294105,0.8648648648648649,0.9722917180237778,0.8615384615384616,1.0,0.7567567567567568,1.0,28,8,0,9
PLM_ESM2_LinearSVM_random_cv_R1_R10_sensplus_R07_fold2,ESM2_frozen_embedding,ESM2_LinearSVM,LinearSVM,random_cv_R1_R10,sensplus,R07,2,0.0,133,44,109,24,36,8,0.4393747751637468,0.7881944444444444,0.9296783021938922,0.9041095890410958,0.8918918918918919,0.9166666666666666,0.5,33,4,4,3
PLM_ESM2_LinearSVM_random_cv_R1_R10_sensplus_R07_fold3,ESM2_frozen_embedding,ESM2_LinearSVM,LinearSVM,random_cv_R1_R10,sensplus,R07,3,0.0,133,44,109,24,36,8,0.19920476822239894,0.7604166666666666,0.9461678716987235,0.8450704225352113,0.8571428571428571,0.8333333333333334,0.375,30,3,5,6
PLM_ESM2_LinearSVM_random_cv_R1_R10_sensplus_R07_fold4,ESM2_frozen_embedding,ESM2_LinearSVM,LinearSVM,random_cv_R1_R10,sensplus,R07,4,0.0,133,44,109,24,36,8,0.43704152091682436,0.8402777777777778,0.9638674096580488,0.8484848484848485,0.9333333333333333,0.7777777777777778,0.75,28,6,2,8
PLM_ESM2_LinearSVM_random_cv_R1_R10_sensplus_R08_fold1,ESM2_frozen_embedding,ESM2_LinearSVM,LinearSVM,random_cv_R1_R10,sensplus,R08,1,0.0,132,45,108,24,37,8,0.4419112027036481,0.8108108108108107,0.9523341411205106,0.9066666666666666,0.8947368421052632,0.918918918918919,0.5,34,4,4,3
PLM_ESM2_LinearSVM_random_cv_R1_R10_sensplus_R08_fold2,ESM2_frozen_embedding,ESM2_LinearSVM,LinearSVM,random_cv_R1_R10,sensplus,R08,2,0.0,133,44,109,24,36,8,0.025565499628245683,0.5694444444444444,0.8567122960384931,0.8,0.8235294117647058,0.7777777777777778,0.25,28,2,6,8
PLM_ESM2_LinearSVM_random_cv_R1_R10_sensplus_R08_fold3,ESM2_frozen_embedding,ESM2_LinearSVM,LinearSVM,random_cv_R1_R10,sensplus,R08,3,0.0,133,44,109,24,36,8,0.13608276348795434,0.6354166666666666,0.8912532796807552,0.8115942028985508,0.8484848484848485,0.7777777777777778,0.375,28,3,5,8
PLM_ESM2_LinearSVM_random_cv_R1_R10_sensplus_R08_fold4,ESM2_frozen_embedding,ESM2_LinearSVM,LinearSVM,random_cv_R1_R10,sensplus,R08,4,0.0,133,44,109,24,36,8,0.21134098610290408,0.6180555555555555,0.8881156478973976,0.8059701492537313,0.8709677419354839,0.75,0.5,27,4,4,9
PLM_ESM2_LinearSVM_random_cv_R1_R10_sensplus_R09_fold1,ESM2_frozen_embedding,ESM2_LinearSVM,LinearSVM,random_cv_R1_R10,sensplus,R09,1,0.0,132,45,108,24,37,8,0.08783783783783784,0.7567567567567568,0.942821111206634,0.8378378378378378,0.8378378378378378,0.8378378378378378,0.25,31,2,6,6
PLM_ESM2_LinearSVM_random_cv_R1_R10_sensplus_R09_fold2,ESM2_frozen_embedding,ESM2_LinearSVM,LinearSVM,random_cv_R1_R10,sensplus,R09,2,0.0,133,44,109,24,36,8,0.3728720488516333,0.7326388888888888,0.9256946419651861,0.8529411764705882,0.90625,0.8055555555555556,0.625,29,5,3,7
PLM_ESM2_LinearSVM_random_cv_R1_R10_sensplus_R09_fold3,ESM2_frozen_embedding,ESM2_LinearSVM,LinearSVM,random_cv_R1_R10,sensplus,R09,3,0.0,133,44,109,24,36,8,0.2721655269759087,0.8472222222222222,0.9660293097698884,0.8405797101449275,0.8787878787878788,0.8055555555555556,0.5,29,4,4,7
PLM_ESM2_LinearSVM_random_cv_R1_R10_sensplus_R09_fold4,ESM2_frozen_embedding,ESM2_LinearSVM,LinearSVM,random_cv_R1_R10,sensplus,R09,4,0.0,133,44,109,24,36,8,0.2782706909370396,0.65625,0.8878167743789399,0.8767123287671232,0.8648648648648649,0.8888888888888888,0.375,32,3,5,4
PLM_ESM2_LinearSVM_random_cv_R1_R10_sensplus_R10_fold1,ESM2_frozen_embedding,ESM2_LinearSVM,LinearSVM,random_cv_R1_R10,sensplus,R10,1,0.0,132,45,108,24,37,8,0.17087668565033,0.7094594594594594,0.9208045587980522,0.8333333333333334,0.8571428571428571,0.8108108108108109,0.375,30,3,5,7
PLM_ESM2_LinearSVM_random_cv_R1_R10_sensplus_R10_fold2,ESM2_frozen_embedding,ESM2_LinearSVM,LinearSVM,random_cv_R1_R10,sensplus,R10,2,0.0,133,44,109,24,36,8,0.3105295017040594,0.6388888888888888,0.8986128345885912,0.8181818181818182,0.9,0.75,0.625,27,5,3,9
PLM_ESM2_LinearSVM_random_cv_R1_R10_sensplus_R10_fold3,ESM2_frozen_embedding,ESM2_LinearSVM,LinearSVM,random_cv_R1_R10,sensplus,R10,3,0.0,133,44,109,24,36,8,0.05750546327852952,0.5173611111111112,0.8513548070958871,0.7575757575757576,0.8333333333333334,0.6944444444444444,0.375,25,3,5,11
PLM_ESM2_LinearSVM_random_cv_R1_R10_sensplus_R10_fold4,ESM2_frozen_embedding,ESM2_LinearSVM,LinearSVM,random_cv_R1_R10,sensplus,R10,4,0.0,133,44,109,24,36,8,0.15609763526361567,0.8055555555555556,0.9541037031250199,0.8648648648648649,0.8421052631578947,0.8888888888888888,0.25,32,2,6,4
